/*
 Navicat Premium Data Transfer

 Source Server         : test
 Source Server Type    : MySQL
 Source Server Version : 50723
 Source Host           : 192.168.88.226:3306
 Source Schema         : vn_moto_shop_service_payment

 Target Server Type    : MySQL
 Target Server Version : 50723
 File Encoding         : 65001

 Date: 25/11/2019 14:48:17
*/

SET NAMES utf8mb4;
SET FOREIGN_KEY_CHECKS = 0;

-- ----------------------------
-- Table structure for tbl_coupon
-- ----------------------------
DROP TABLE IF EXISTS `tbl_coupon`;
CREATE TABLE `tbl_coupon`  (
  `coupon_code` char(60) CHARACTER SET utf8 COLLATE utf8_unicode_ci NOT NULL,
  `coupon_create_date` timestamp(0) NOT NULL DEFAULT CURRENT_TIMESTAMP(0),
  `coupon_alter_date` datetime(0) NOT NULL DEFAULT CURRENT_TIMESTAMP(0) ON UPDATE CURRENT_TIMESTAMP(0),
  `coupon_effect_start_date` datetime(0) NOT NULL,
  `coupon_effect_end_date` datetime(0) NOT NULL,
  `coupon_type` int(1) NOT NULL,
  `coupon_amount` double NULL DEFAULT 0,
  `coupon_discount` double NULL DEFAULT 0,
  `coupon_effect_status` int(11) NOT NULL DEFAULT 1,
  `coupon_update_user` char(60) CHARACTER SET utf8 COLLATE utf8_unicode_ci NULL DEFAULT NULL,
  PRIMARY KEY (`coupon_code`) USING BTREE
) ENGINE = MyISAM CHARACTER SET = utf8 COLLATE = utf8_unicode_ci ROW_FORMAT = Fixed;

-- ----------------------------
-- Records of tbl_coupon
-- ----------------------------
INSERT INTO `tbl_coupon` VALUES ('1', '2019-09-26 08:53:13', '2019-10-04 13:39:59', '0000-00-00 00:00:00', '0000-00-00 00:00:00', 1, 0, 10, 1, NULL);
INSERT INTO `tbl_coupon` VALUES ('MMS010', '2019-10-04 15:32:10', '2019-10-04 15:32:10', '0000-00-00 00:00:00', '0000-00-00 00:00:00', 0, 50000, 0, 1, 'mss_admin');
INSERT INTO `tbl_coupon` VALUES ('MMS011', '2019-10-04 15:32:10', '2019-10-04 15:32:10', '0000-00-00 00:00:00', '0000-00-00 00:00:00', 0, 55000, 0, 1, 'mss_admin');
INSERT INTO `tbl_coupon` VALUES ('MMS012', '2019-10-04 15:32:10', '2019-10-04 15:32:10', '0000-00-00 00:00:00', '0000-00-00 00:00:00', 0, 60000, 0, 1, 'mss_admin');
INSERT INTO `tbl_coupon` VALUES ('MMS013', '2019-10-04 15:32:10', '2019-10-04 15:32:10', '0000-00-00 00:00:00', '0000-00-00 00:00:00', 0, 65000, 0, 1, 'mss_admin');
INSERT INTO `tbl_coupon` VALUES ('MMS020', '2019-10-04 15:32:10', '2019-10-14 13:35:12', '0000-00-00 00:00:00', '0000-00-00 00:00:00', 0, 100000, 0, 1, 'mss_admin');
INSERT INTO `tbl_coupon` VALUES ('MMS021', '2019-10-04 15:32:10', '2019-10-21 17:02:22', '2019-10-01 00:00:00', '2019-12-01 00:00:00', 0, 105000, 0, 1, 'mss_admin');
INSERT INTO `tbl_coupon` VALUES ('MMS022', '2019-10-04 15:32:10', '2019-10-11 14:24:24', '0000-00-00 00:00:00', '0000-00-00 00:00:00', 0, 110000, 0, 0, 'mss_admin');
INSERT INTO `tbl_coupon` VALUES ('MMS023', '2019-10-04 15:32:10', '2019-10-10 15:13:50', '0000-00-00 00:00:00', '0000-00-00 00:00:00', 0, 115000, 0, 0, 'mss_admin');
INSERT INTO `tbl_coupon` VALUES ('MMS030', '2019-10-04 15:32:10', '2019-10-04 15:32:10', '0000-00-00 00:00:00', '0000-00-00 00:00:00', 0, 150000, 0, 1, 'mss_admin');
INSERT INTO `tbl_coupon` VALUES ('MMS031', '2019-10-04 15:32:10', '2019-10-11 14:26:03', '0000-00-00 00:00:00', '0000-00-00 00:00:00', 0, 155000, 0, 1, 'mss_admin');
INSERT INTO `tbl_coupon` VALUES ('MMS032', '2019-10-04 15:32:10', '2019-10-04 15:32:10', '0000-00-00 00:00:00', '0000-00-00 00:00:00', 0, 160000, 0, 1, 'mss_admin');
INSERT INTO `tbl_coupon` VALUES ('MMS033', '2019-10-04 15:32:10', '2019-10-04 15:32:10', '0000-00-00 00:00:00', '0000-00-00 00:00:00', 0, 165000, 0, 1, 'mss_admin');
INSERT INTO `tbl_coupon` VALUES ('MMS040', '2019-10-04 15:32:10', '2019-10-04 15:32:10', '0000-00-00 00:00:00', '0000-00-00 00:00:00', 0, 200000, 0, 1, 'mss_admin');
INSERT INTO `tbl_coupon` VALUES ('MMS041', '2019-10-04 15:32:10', '2019-10-04 15:32:10', '0000-00-00 00:00:00', '0000-00-00 00:00:00', 0, 205000, 0, 1, 'mss_admin');
INSERT INTO `tbl_coupon` VALUES ('MMS042', '2019-10-04 15:32:10', '2019-10-04 15:32:10', '0000-00-00 00:00:00', '0000-00-00 00:00:00', 0, 210000, 0, 1, 'mss_admin');
INSERT INTO `tbl_coupon` VALUES ('MMS043', '2019-10-04 15:32:10', '2019-10-04 15:32:10', '0000-00-00 00:00:00', '0000-00-00 00:00:00', 0, 215000, 0, 1, 'mss_admin');
INSERT INTO `tbl_coupon` VALUES ('MMS050', '2019-10-04 15:32:10', '2019-10-04 15:32:10', '0000-00-00 00:00:00', '0000-00-00 00:00:00', 0, 250000, 0, 1, 'mss_admin');
INSERT INTO `tbl_coupon` VALUES ('MMS051', '2019-10-04 15:32:10', '2019-10-04 15:32:10', '0000-00-00 00:00:00', '0000-00-00 00:00:00', 0, 255000, 0, 1, 'mss_admin');
INSERT INTO `tbl_coupon` VALUES ('MMS052', '2019-10-04 15:32:10', '2019-10-04 15:32:10', '0000-00-00 00:00:00', '0000-00-00 00:00:00', 0, 260000, 0, 1, 'mss_admin');
INSERT INTO `tbl_coupon` VALUES ('MMS053', '2019-10-04 15:32:10', '2019-10-04 15:32:10', '0000-00-00 00:00:00', '0000-00-00 00:00:00', 0, 265000, 0, 1, 'mss_admin');
INSERT INTO `tbl_coupon` VALUES ('MMS060', '2019-10-04 15:32:10', '2019-10-04 15:32:10', '0000-00-00 00:00:00', '0000-00-00 00:00:00', 0, 300000, 0, 1, 'mss_admin');
INSERT INTO `tbl_coupon` VALUES ('MMS061', '2019-10-04 15:32:10', '2019-10-04 15:32:10', '0000-00-00 00:00:00', '0000-00-00 00:00:00', 0, 305000, 0, 1, 'mss_admin');
INSERT INTO `tbl_coupon` VALUES ('MMS062', '2019-10-04 15:32:10', '2019-10-04 15:32:10', '0000-00-00 00:00:00', '0000-00-00 00:00:00', 0, 310000, 0, 1, 'mss_admin');
INSERT INTO `tbl_coupon` VALUES ('MMS063', '2019-10-04 15:32:10', '2019-10-04 15:32:10', '0000-00-00 00:00:00', '0000-00-00 00:00:00', 0, 315000, 0, 1, 'mss_admin');
INSERT INTO `tbl_coupon` VALUES ('MMS070', '2019-10-04 15:32:10', '2019-10-04 15:32:10', '0000-00-00 00:00:00', '0000-00-00 00:00:00', 0, 350000, 0, 1, 'mss_admin');
INSERT INTO `tbl_coupon` VALUES ('MMS071', '2019-10-04 15:32:10', '2019-10-04 15:32:10', '0000-00-00 00:00:00', '0000-00-00 00:00:00', 0, 355000, 0, 1, 'mss_admin');
INSERT INTO `tbl_coupon` VALUES ('MMS072', '2019-10-04 15:32:10', '2019-10-04 15:32:10', '0000-00-00 00:00:00', '0000-00-00 00:00:00', 0, 360000, 0, 1, 'mss_admin');
INSERT INTO `tbl_coupon` VALUES ('MMS073', '2019-10-04 15:32:10', '2019-10-04 15:32:10', '0000-00-00 00:00:00', '0000-00-00 00:00:00', 0, 365000, 0, 1, 'mss_admin');
INSERT INTO `tbl_coupon` VALUES ('MMS080', '2019-10-04 15:32:10', '2019-10-04 15:32:10', '0000-00-00 00:00:00', '0000-00-00 00:00:00', 0, 400000, 0, 1, 'mss_admin');
INSERT INTO `tbl_coupon` VALUES ('MMS081', '2019-10-04 15:32:10', '2019-10-04 15:32:10', '0000-00-00 00:00:00', '0000-00-00 00:00:00', 0, 405000, 0, 1, 'mss_admin');
INSERT INTO `tbl_coupon` VALUES ('MMS082', '2019-10-04 15:32:10', '2019-10-04 15:32:10', '0000-00-00 00:00:00', '0000-00-00 00:00:00', 0, 410000, 0, 1, 'mss_admin');
INSERT INTO `tbl_coupon` VALUES ('MMS083', '2019-10-04 15:32:10', '2019-10-04 15:32:10', '0000-00-00 00:00:00', '0000-00-00 00:00:00', 0, 415000, 0, 1, 'mss_admin');
INSERT INTO `tbl_coupon` VALUES ('MMS090', '2019-10-04 15:32:10', '2019-10-04 15:32:10', '0000-00-00 00:00:00', '0000-00-00 00:00:00', 0, 450000, 0, 1, 'mss_admin');
INSERT INTO `tbl_coupon` VALUES ('MMS091', '2019-10-04 15:32:10', '2019-10-04 15:32:10', '0000-00-00 00:00:00', '0000-00-00 00:00:00', 0, 455000, 0, 1, 'mss_admin');
INSERT INTO `tbl_coupon` VALUES ('MMS092', '2019-10-04 15:32:10', '2019-10-04 15:32:10', '0000-00-00 00:00:00', '0000-00-00 00:00:00', 0, 460000, 0, 1, 'mss_admin');
INSERT INTO `tbl_coupon` VALUES ('MMS093', '2019-10-04 15:32:10', '2019-10-04 15:32:10', '0000-00-00 00:00:00', '0000-00-00 00:00:00', 0, 465000, 0, 1, 'mss_admin');
INSERT INTO `tbl_coupon` VALUES ('MMS0100', '2019-10-04 15:32:10', '2019-10-04 15:32:10', '0000-00-00 00:00:00', '0000-00-00 00:00:00', 0, 500000, 0, 1, 'mss_admin');
INSERT INTO `tbl_coupon` VALUES ('MMS0101', '2019-10-04 15:32:10', '2019-10-04 15:32:10', '0000-00-00 00:00:00', '0000-00-00 00:00:00', 0, 505000, 0, 1, 'mss_admin');
INSERT INTO `tbl_coupon` VALUES ('MMS0102', '2019-10-04 15:32:10', '2019-10-04 15:32:10', '0000-00-00 00:00:00', '0000-00-00 00:00:00', 0, 510000, 0, 1, 'mss_admin');
INSERT INTO `tbl_coupon` VALUES ('MMS0103', '2019-10-04 15:32:10', '2019-10-04 15:32:10', '0000-00-00 00:00:00', '0000-00-00 00:00:00', 0, 515000, 0, 1, 'mss_admin');
INSERT INTO `tbl_coupon` VALUES ('MMS0110', '2019-10-04 15:32:10', '2019-10-04 15:32:10', '0000-00-00 00:00:00', '0000-00-00 00:00:00', 0, 550000, 0, 1, 'mss_admin');
INSERT INTO `tbl_coupon` VALUES ('MMS0111', '2019-10-04 15:32:10', '2019-10-04 15:32:10', '0000-00-00 00:00:00', '0000-00-00 00:00:00', 0, 555000, 0, 1, 'mss_admin');
INSERT INTO `tbl_coupon` VALUES ('MMS0112', '2019-10-04 15:32:10', '2019-10-04 15:32:10', '0000-00-00 00:00:00', '0000-00-00 00:00:00', 0, 560000, 0, 1, 'mss_admin');
INSERT INTO `tbl_coupon` VALUES ('MMS0113', '2019-10-04 15:32:10', '2019-10-04 15:32:10', '0000-00-00 00:00:00', '0000-00-00 00:00:00', 0, 565000, 0, 1, 'mss_admin');
INSERT INTO `tbl_coupon` VALUES ('MMS0120', '2019-10-04 15:32:10', '2019-10-04 15:32:10', '0000-00-00 00:00:00', '0000-00-00 00:00:00', 0, 600000, 0, 1, 'mss_admin');
INSERT INTO `tbl_coupon` VALUES ('MMS0121', '2019-10-04 15:32:10', '2019-10-04 15:32:10', '0000-00-00 00:00:00', '0000-00-00 00:00:00', 0, 605000, 0, 1, 'mss_admin');
INSERT INTO `tbl_coupon` VALUES ('MMS0122', '2019-10-04 15:32:10', '2019-10-04 15:32:10', '0000-00-00 00:00:00', '0000-00-00 00:00:00', 0, 610000, 0, 1, 'mss_admin');
INSERT INTO `tbl_coupon` VALUES ('MMS0123', '2019-10-04 15:32:10', '2019-10-04 15:32:10', '0000-00-00 00:00:00', '0000-00-00 00:00:00', 0, 615000, 0, 1, 'mss_admin');
INSERT INTO `tbl_coupon` VALUES ('MMS0130', '2019-10-04 15:32:10', '2019-10-04 15:32:10', '0000-00-00 00:00:00', '0000-00-00 00:00:00', 0, 650000, 0, 1, 'mss_admin');
INSERT INTO `tbl_coupon` VALUES ('MMS0131', '2019-10-04 15:32:10', '2019-10-04 15:32:10', '0000-00-00 00:00:00', '0000-00-00 00:00:00', 0, 655000, 0, 1, 'mss_admin');
INSERT INTO `tbl_coupon` VALUES ('MMS0132', '2019-10-04 15:32:10', '2019-10-04 15:32:10', '0000-00-00 00:00:00', '0000-00-00 00:00:00', 0, 660000, 0, 1, 'mss_admin');
INSERT INTO `tbl_coupon` VALUES ('MMS0133', '2019-10-04 15:32:10', '2019-10-04 15:32:10', '0000-00-00 00:00:00', '0000-00-00 00:00:00', 0, 665000, 0, 1, 'mss_admin');
INSERT INTO `tbl_coupon` VALUES ('MMS0140', '2019-10-04 15:32:10', '2019-10-04 15:32:10', '0000-00-00 00:00:00', '0000-00-00 00:00:00', 0, 700000, 0, 1, 'mss_admin');
INSERT INTO `tbl_coupon` VALUES ('MMS0141', '2019-10-04 15:32:10', '2019-10-04 15:32:10', '0000-00-00 00:00:00', '0000-00-00 00:00:00', 0, 705000, 0, 1, 'mss_admin');
INSERT INTO `tbl_coupon` VALUES ('MMS0142', '2019-10-04 15:32:10', '2019-10-04 15:32:10', '0000-00-00 00:00:00', '0000-00-00 00:00:00', 0, 710000, 0, 1, 'mss_admin');
INSERT INTO `tbl_coupon` VALUES ('MMS0143', '2019-10-04 15:32:10', '2019-10-04 15:32:10', '0000-00-00 00:00:00', '0000-00-00 00:00:00', 0, 715000, 0, 1, 'mss_admin');
INSERT INTO `tbl_coupon` VALUES ('MMS01000', '2019-10-04 15:32:10', '2019-10-04 15:32:10', '0000-00-00 00:00:00', '0000-00-00 00:00:00', 0, 5000000, 0, 1, 'mss_admin');
INSERT INTO `tbl_coupon` VALUES ('MMS01001', '2019-10-04 15:32:10', '2019-10-04 15:32:10', '0000-00-00 00:00:00', '0000-00-00 00:00:00', 0, 5005000, 0, 1, 'mss_admin');
INSERT INTO `tbl_coupon` VALUES ('MMS01002', '2019-10-04 15:32:10', '2019-10-04 15:32:10', '0000-00-00 00:00:00', '0000-00-00 00:00:00', 0, 5010000, 0, 1, 'mss_admin');
INSERT INTO `tbl_coupon` VALUES ('MMS01003', '2019-10-04 15:32:10', '2019-10-04 15:32:10', '0000-00-00 00:00:00', '0000-00-00 00:00:00', 0, 5015000, 0, 1, 'mss_admin');
INSERT INTO `tbl_coupon` VALUES ('MMS02000', '2019-10-04 15:32:10', '2019-10-04 15:32:10', '0000-00-00 00:00:00', '0000-00-00 00:00:00', 0, 10000000, 0, 1, 'mss_admin');
INSERT INTO `tbl_coupon` VALUES ('MMS02001', '2019-10-04 15:32:10', '2019-10-04 15:32:10', '0000-00-00 00:00:00', '0000-00-00 00:00:00', 0, 10005000, 0, 1, 'mss_admin');
INSERT INTO `tbl_coupon` VALUES ('MMS02002', '2019-10-04 15:32:10', '2019-10-04 15:32:10', '0000-00-00 00:00:00', '0000-00-00 00:00:00', 0, 10010000, 0, 1, 'mss_admin');
INSERT INTO `tbl_coupon` VALUES ('MMS02003', '2019-10-04 15:32:10', '2019-10-04 15:32:10', '0000-00-00 00:00:00', '0000-00-00 00:00:00', 0, 10015000, 0, 1, 'mss_admin');
INSERT INTO `tbl_coupon` VALUES ('MMS03000', '2019-10-04 15:32:10', '2019-10-04 15:32:10', '0000-00-00 00:00:00', '0000-00-00 00:00:00', 0, 15000000, 0, 1, 'mss_admin');
INSERT INTO `tbl_coupon` VALUES ('MMS03001', '2019-10-04 15:32:10', '2019-10-04 15:32:10', '0000-00-00 00:00:00', '0000-00-00 00:00:00', 0, 15005000, 0, 1, 'mss_admin');
INSERT INTO `tbl_coupon` VALUES ('MMS03002', '2019-10-04 15:32:10', '2019-10-04 15:32:10', '0000-00-00 00:00:00', '0000-00-00 00:00:00', 0, 15010000, 0, 1, 'mss_admin');
INSERT INTO `tbl_coupon` VALUES ('MMS03003', '2019-10-04 15:32:10', '2019-10-04 15:32:10', '0000-00-00 00:00:00', '0000-00-00 00:00:00', 0, 15015000, 0, 1, 'mss_admin');
INSERT INTO `tbl_coupon` VALUES ('MMS110', '2019-10-04 15:32:10', '2019-10-04 15:32:10', '0000-00-00 00:00:00', '0000-00-00 00:00:00', 1, 0, 10, 1, 'mss_admin');
INSERT INTO `tbl_coupon` VALUES ('MMS111', '2019-10-04 15:32:10', '2019-10-04 15:32:10', '0000-00-00 00:00:00', '0000-00-00 00:00:00', 1, 0, 10, 1, 'mss_admin');
INSERT INTO `tbl_coupon` VALUES ('MMS112', '2019-10-04 15:32:10', '2019-10-04 15:32:10', '0000-00-00 00:00:00', '0000-00-00 00:00:00', 1, 0, 10, 1, 'mss_admin');
INSERT INTO `tbl_coupon` VALUES ('MMS113', '2019-10-04 15:32:10', '2019-10-04 15:32:10', '0000-00-00 00:00:00', '0000-00-00 00:00:00', 1, 0, 10, 1, 'mss_admin');
INSERT INTO `tbl_coupon` VALUES ('MMS120', '2019-10-04 15:32:10', '2019-10-04 15:32:10', '0000-00-00 00:00:00', '0000-00-00 00:00:00', 1, 0, 10, 1, 'mss_admin');
INSERT INTO `tbl_coupon` VALUES ('MMS121', '2019-10-04 15:32:10', '2019-10-04 15:32:10', '0000-00-00 00:00:00', '0000-00-00 00:00:00', 1, 0, 10, 1, 'mss_admin');
INSERT INTO `tbl_coupon` VALUES ('MMS122', '2019-10-04 15:32:10', '2019-10-04 15:32:10', '0000-00-00 00:00:00', '0000-00-00 00:00:00', 1, 0, 10, 1, 'mss_admin');
INSERT INTO `tbl_coupon` VALUES ('MMS123', '2019-10-04 15:32:10', '2019-10-04 15:32:10', '0000-00-00 00:00:00', '0000-00-00 00:00:00', 1, 0, 10, 1, 'mss_admin');
INSERT INTO `tbl_coupon` VALUES ('MMS130', '2019-10-04 15:32:10', '2019-10-04 15:32:10', '0000-00-00 00:00:00', '0000-00-00 00:00:00', 1, 0, 10, 1, 'mss_admin');
INSERT INTO `tbl_coupon` VALUES ('MMS131', '2019-10-04 15:32:10', '2019-10-04 15:32:10', '0000-00-00 00:00:00', '0000-00-00 00:00:00', 1, 0, 10, 1, 'mss_admin');
INSERT INTO `tbl_coupon` VALUES ('MMS132', '2019-10-04 15:32:10', '2019-10-04 15:32:10', '0000-00-00 00:00:00', '0000-00-00 00:00:00', 1, 0, 10, 1, 'mss_admin');
INSERT INTO `tbl_coupon` VALUES ('MMS133', '2019-10-04 15:32:10', '2019-10-04 15:32:10', '0000-00-00 00:00:00', '0000-00-00 00:00:00', 1, 0, 10, 1, 'mss_admin');
INSERT INTO `tbl_coupon` VALUES ('MMS140', '2019-10-04 15:32:10', '2019-10-04 15:32:10', '0000-00-00 00:00:00', '0000-00-00 00:00:00', 1, 0, 10, 1, 'mss_admin');
INSERT INTO `tbl_coupon` VALUES ('MMS141', '2019-10-04 15:32:10', '2019-10-04 15:32:10', '0000-00-00 00:00:00', '0000-00-00 00:00:00', 1, 0, 10, 1, 'mss_admin');
INSERT INTO `tbl_coupon` VALUES ('MMS142', '2019-10-04 15:32:10', '2019-10-04 15:32:10', '0000-00-00 00:00:00', '0000-00-00 00:00:00', 1, 0, 10, 1, 'mss_admin');
INSERT INTO `tbl_coupon` VALUES ('MMS143', '2019-10-04 15:32:10', '2019-10-04 15:32:10', '0000-00-00 00:00:00', '0000-00-00 00:00:00', 1, 0, 10, 1, 'mss_admin');
INSERT INTO `tbl_coupon` VALUES ('MMS150', '2019-10-04 15:32:10', '2019-10-04 15:32:10', '0000-00-00 00:00:00', '0000-00-00 00:00:00', 1, 0, 10, 1, 'mss_admin');
INSERT INTO `tbl_coupon` VALUES ('MMS151', '2019-10-04 15:32:10', '2019-10-04 15:32:10', '0000-00-00 00:00:00', '0000-00-00 00:00:00', 1, 0, 10, 1, 'mss_admin');
INSERT INTO `tbl_coupon` VALUES ('MMS152', '2019-10-04 15:32:10', '2019-10-04 15:32:10', '0000-00-00 00:00:00', '0000-00-00 00:00:00', 1, 0, 10, 1, 'mss_admin');
INSERT INTO `tbl_coupon` VALUES ('MMS153', '2019-10-04 15:32:10', '2019-10-04 15:32:10', '0000-00-00 00:00:00', '0000-00-00 00:00:00', 1, 0, 10, 1, 'mss_admin');
INSERT INTO `tbl_coupon` VALUES ('MMS160', '2019-10-04 15:32:10', '2019-10-04 15:32:10', '0000-00-00 00:00:00', '0000-00-00 00:00:00', 1, 0, 10, 1, 'mss_admin');
INSERT INTO `tbl_coupon` VALUES ('MMS161', '2019-10-04 15:32:10', '2019-10-04 15:32:10', '0000-00-00 00:00:00', '0000-00-00 00:00:00', 1, 0, 10, 1, 'mss_admin');
INSERT INTO `tbl_coupon` VALUES ('MMS162', '2019-10-04 15:32:10', '2019-10-04 15:32:10', '0000-00-00 00:00:00', '0000-00-00 00:00:00', 1, 0, 10, 1, 'mss_admin');
INSERT INTO `tbl_coupon` VALUES ('MMS163', '2019-10-04 15:32:10', '2019-10-04 15:32:10', '0000-00-00 00:00:00', '0000-00-00 00:00:00', 1, 0, 10, 1, 'mss_admin');
INSERT INTO `tbl_coupon` VALUES ('MMS170', '2019-10-04 15:32:10', '2019-10-04 15:32:10', '0000-00-00 00:00:00', '0000-00-00 00:00:00', 1, 0, 10, 1, 'mss_admin');
INSERT INTO `tbl_coupon` VALUES ('MMS171', '2019-10-04 15:32:10', '2019-10-04 15:32:10', '0000-00-00 00:00:00', '0000-00-00 00:00:00', 1, 0, 10, 1, 'mss_admin');
INSERT INTO `tbl_coupon` VALUES ('MMS172', '2019-10-04 15:32:10', '2019-10-10 16:13:11', '0000-00-00 00:00:00', '0000-00-00 00:00:00', 1, 0, 5, 1, 'mss_admin');
INSERT INTO `tbl_coupon` VALUES ('MMS173', '2019-10-04 15:32:10', '2019-10-04 15:32:10', '0000-00-00 00:00:00', '0000-00-00 00:00:00', 1, 0, 10, 1, 'mss_admin');
INSERT INTO `tbl_coupon` VALUES ('MMS180', '2019-10-04 15:32:10', '2019-10-04 15:32:10', '0000-00-00 00:00:00', '0000-00-00 00:00:00', 1, 0, 10, 1, 'mss_admin');
INSERT INTO `tbl_coupon` VALUES ('MMS181', '2019-10-04 15:32:10', '2019-10-04 15:32:10', '0000-00-00 00:00:00', '0000-00-00 00:00:00', 1, 0, 10, 1, 'mss_admin');
INSERT INTO `tbl_coupon` VALUES ('MMS182', '2019-10-04 15:32:10', '2019-10-04 15:32:10', '0000-00-00 00:00:00', '0000-00-00 00:00:00', 1, 0, 10, 1, 'mss_admin');
INSERT INTO `tbl_coupon` VALUES ('MMS183', '2019-10-04 15:32:10', '2019-10-04 15:32:10', '0000-00-00 00:00:00', '0000-00-00 00:00:00', 1, 0, 10, 1, 'mss_admin');
INSERT INTO `tbl_coupon` VALUES ('MMS190', '2019-10-04 15:32:10', '2019-10-04 15:32:10', '0000-00-00 00:00:00', '0000-00-00 00:00:00', 1, 0, 10, 1, 'mss_admin');
INSERT INTO `tbl_coupon` VALUES ('MMS191', '2019-10-04 15:32:10', '2019-10-04 15:32:10', '0000-00-00 00:00:00', '0000-00-00 00:00:00', 1, 0, 10, 1, 'mss_admin');
INSERT INTO `tbl_coupon` VALUES ('MMS192', '2019-10-04 15:32:10', '2019-10-04 15:32:10', '0000-00-00 00:00:00', '0000-00-00 00:00:00', 1, 0, 10, 1, 'mss_admin');
INSERT INTO `tbl_coupon` VALUES ('MMS193', '2019-10-04 15:32:10', '2019-10-04 15:32:10', '0000-00-00 00:00:00', '0000-00-00 00:00:00', 1, 0, 10, 1, 'mss_admin');
INSERT INTO `tbl_coupon` VALUES ('MMS1100', '2019-10-04 15:32:10', '2019-10-04 15:32:10', '0000-00-00 00:00:00', '0000-00-00 00:00:00', 1, 0, 10, 1, 'mss_admin');
INSERT INTO `tbl_coupon` VALUES ('MMS1101', '2019-10-04 15:32:10', '2019-10-04 15:32:10', '0000-00-00 00:00:00', '0000-00-00 00:00:00', 1, 0, 10, 1, 'mss_admin');
INSERT INTO `tbl_coupon` VALUES ('MMS1102', '2019-10-04 15:32:10', '2019-10-04 15:32:10', '0000-00-00 00:00:00', '0000-00-00 00:00:00', 1, 0, 10, 1, 'mss_admin');
INSERT INTO `tbl_coupon` VALUES ('MMS1103', '2019-10-04 15:32:10', '2019-10-04 15:32:10', '0000-00-00 00:00:00', '0000-00-00 00:00:00', 1, 0, 10, 1, 'mss_admin');
INSERT INTO `tbl_coupon` VALUES ('MMS1110', '2019-10-04 15:32:10', '2019-10-04 15:32:10', '0000-00-00 00:00:00', '0000-00-00 00:00:00', 1, 0, 10, 1, 'mss_admin');
INSERT INTO `tbl_coupon` VALUES ('MMS1111', '2019-10-04 15:32:10', '2019-10-04 15:32:10', '0000-00-00 00:00:00', '0000-00-00 00:00:00', 1, 0, 10, 1, 'mss_admin');
INSERT INTO `tbl_coupon` VALUES ('MMS1112', '2019-10-04 15:32:10', '2019-10-04 15:32:10', '0000-00-00 00:00:00', '0000-00-00 00:00:00', 1, 0, 10, 1, 'mss_admin');
INSERT INTO `tbl_coupon` VALUES ('MMS1113', '2019-10-04 15:32:10', '2019-10-04 15:32:10', '0000-00-00 00:00:00', '0000-00-00 00:00:00', 1, 0, 10, 1, 'mss_admin');
INSERT INTO `tbl_coupon` VALUES ('MMS1120', '2019-10-04 15:32:10', '2019-10-04 15:32:10', '0000-00-00 00:00:00', '0000-00-00 00:00:00', 1, 0, 10, 1, 'mss_admin');
INSERT INTO `tbl_coupon` VALUES ('MMS1121', '2019-10-04 15:32:10', '2019-10-04 15:32:10', '0000-00-00 00:00:00', '0000-00-00 00:00:00', 1, 0, 10, 1, 'mss_admin');
INSERT INTO `tbl_coupon` VALUES ('MMS1122', '2019-10-04 15:32:10', '2019-10-04 15:32:10', '0000-00-00 00:00:00', '0000-00-00 00:00:00', 1, 0, 10, 1, 'mss_admin');
INSERT INTO `tbl_coupon` VALUES ('MMS1123', '2019-10-04 15:32:10', '2019-10-04 15:32:10', '0000-00-00 00:00:00', '0000-00-00 00:00:00', 1, 0, 10, 1, 'mss_admin');
INSERT INTO `tbl_coupon` VALUES ('MMS1130', '2019-10-04 15:32:10', '2019-10-04 15:32:10', '0000-00-00 00:00:00', '0000-00-00 00:00:00', 1, 0, 10, 1, 'mss_admin');
INSERT INTO `tbl_coupon` VALUES ('MMS1131', '2019-10-04 15:32:10', '2019-10-04 15:32:10', '0000-00-00 00:00:00', '0000-00-00 00:00:00', 1, 0, 10, 1, 'mss_admin');
INSERT INTO `tbl_coupon` VALUES ('MMS1132', '2019-10-04 15:32:10', '2019-10-04 15:32:10', '0000-00-00 00:00:00', '0000-00-00 00:00:00', 1, 0, 10, 1, 'mss_admin');
INSERT INTO `tbl_coupon` VALUES ('MMS1133', '2019-10-04 15:32:10', '2019-10-04 15:32:10', '0000-00-00 00:00:00', '0000-00-00 00:00:00', 1, 0, 10, 1, 'mss_admin');
INSERT INTO `tbl_coupon` VALUES ('MMS1140', '2019-10-04 15:32:10', '2019-10-04 15:32:10', '0000-00-00 00:00:00', '0000-00-00 00:00:00', 1, 0, 10, 1, 'mss_admin');
INSERT INTO `tbl_coupon` VALUES ('MMS1141', '2019-10-04 15:32:10', '2019-10-04 15:32:10', '0000-00-00 00:00:00', '0000-00-00 00:00:00', 1, 0, 10, 1, 'mss_admin');
INSERT INTO `tbl_coupon` VALUES ('MMS1142', '2019-10-04 15:32:10', '2019-10-04 15:32:10', '0000-00-00 00:00:00', '0000-00-00 00:00:00', 1, 0, 10, 1, 'mss_admin');
INSERT INTO `tbl_coupon` VALUES ('MMS1143', '2019-10-04 15:32:10', '2019-10-04 15:32:10', '0000-00-00 00:00:00', '0000-00-00 00:00:00', 1, 0, 10, 1, 'mss_admin');
INSERT INTO `tbl_coupon` VALUES ('MMS11000', '2019-10-04 15:32:10', '2019-10-10 16:34:23', '0000-00-00 00:00:00', '0000-00-00 00:00:00', 1, 0, 10, 0, 'mss_admin');
INSERT INTO `tbl_coupon` VALUES ('MMS11001', '2019-10-04 15:32:10', '2019-10-04 15:32:10', '0000-00-00 00:00:00', '0000-00-00 00:00:00', 1, 0, 10, 1, 'mss_admin');
INSERT INTO `tbl_coupon` VALUES ('MMS11002', '2019-10-04 15:32:10', '2019-10-04 15:32:10', '0000-00-00 00:00:00', '0000-00-00 00:00:00', 1, 0, 10, 1, 'mss_admin');
INSERT INTO `tbl_coupon` VALUES ('MMS11003', '2019-10-04 15:32:10', '2019-10-04 15:32:10', '0000-00-00 00:00:00', '0000-00-00 00:00:00', 1, 0, 10, 1, 'mss_admin');
INSERT INTO `tbl_coupon` VALUES ('MMS12000', '2019-10-04 15:32:10', '2019-10-04 15:32:10', '0000-00-00 00:00:00', '0000-00-00 00:00:00', 1, 0, 10, 1, 'mss_admin');
INSERT INTO `tbl_coupon` VALUES ('MMS12001', '2019-10-04 15:32:10', '2019-10-04 15:32:10', '0000-00-00 00:00:00', '0000-00-00 00:00:00', 1, 0, 10, 1, 'mss_admin');
INSERT INTO `tbl_coupon` VALUES ('MMS12002', '2019-10-04 15:32:10', '2019-10-04 15:32:10', '0000-00-00 00:00:00', '0000-00-00 00:00:00', 1, 0, 10, 1, 'mss_admin');
INSERT INTO `tbl_coupon` VALUES ('MMS12003', '2019-10-04 15:32:10', '2019-10-04 15:32:10', '0000-00-00 00:00:00', '0000-00-00 00:00:00', 1, 0, 10, 1, 'mss_admin');
INSERT INTO `tbl_coupon` VALUES ('MMS13000', '2019-10-04 15:32:10', '2019-10-04 15:32:10', '0000-00-00 00:00:00', '0000-00-00 00:00:00', 1, 0, 10, 1, 'mss_admin');
INSERT INTO `tbl_coupon` VALUES ('MMS13001', '2019-10-04 15:32:10', '2019-10-04 15:32:10', '0000-00-00 00:00:00', '0000-00-00 00:00:00', 1, 0, 10, 1, 'mss_admin');
INSERT INTO `tbl_coupon` VALUES ('MMS13002', '2019-10-04 15:32:10', '2019-10-04 15:32:10', '0000-00-00 00:00:00', '0000-00-00 00:00:00', 1, 0, 10, 1, 'mss_admin');
INSERT INTO `tbl_coupon` VALUES ('MMS13003', '2019-10-04 15:32:10', '2019-10-11 17:05:23', '2019-10-01 00:00:00', '2019-10-31 00:00:00', 1, 0, 20, 1, 'mss_admin');

-- ----------------------------
-- Table structure for tbl_customer_product_service
-- ----------------------------
DROP TABLE IF EXISTS `tbl_customer_product_service`;
CREATE TABLE `tbl_customer_product_service`  (
  `customer_product_service_id` bigint(20) NOT NULL AUTO_INCREMENT,
  `order_info_id` bigint(20) NOT NULL,
  `order_create_date` timestamp(0) NULL DEFAULT NULL,
  `order_alter_date` datetime(0) NULL DEFAULT NULL,
  `user_id` char(60) CHARACTER SET utf8 COLLATE utf8_unicode_ci NOT NULL,
  `amount_sub_total` double NULL DEFAULT NULL,
  `point` double NULL DEFAULT NULL,
  `amount_discount_point` double NULL DEFAULT NULL,
  `coupon_code` char(60) CHARACTER SET utf8 COLLATE utf8_unicode_ci NULL DEFAULT NULL,
  `amount_discount_coupon` double NULL DEFAULT NULL,
  `amount_payment` double NULL DEFAULT NULL,
  `order_status` int(1) NULL DEFAULT NULL,
  `order_item_id` bigint(20) NOT NULL,
  `product_service_id` int(8) NOT NULL,
  `month` int(2) NULL DEFAULT NULL,
  `price` double NULL DEFAULT NULL,
  `quantity` int(4) NULL DEFAULT NULL,
  `amount` double NULL DEFAULT NULL,
  `product_service_start_date` datetime(0) NULL DEFAULT NULL,
  `product_service_end_date` datetime(0) NULL DEFAULT NULL,
  `auto_renew` int(1) NOT NULL,
  `shopping_cart_id` bigint(20) NULL DEFAULT NULL,
  `payment_id` char(60) CHARACTER SET utf8 COLLATE utf8_unicode_ci NULL DEFAULT NULL,
  PRIMARY KEY (`customer_product_service_id`) USING BTREE
) ENGINE = MyISAM AUTO_INCREMENT = 169 CHARACTER SET = utf8 COLLATE = utf8_unicode_ci ROW_FORMAT = Fixed;

-- ----------------------------
-- Records of tbl_customer_product_service
-- ----------------------------
INSERT INTO `tbl_customer_product_service` VALUES (168, 37, '2019-10-21 15:42:27', '2019-10-21 15:42:27', 'UAGTO000012833290', 300000, 0, 0, '', 0, 300000, 1, 80, 11, 3, 300000, 1, 300000, '2019-10-21 15:42:27', '2020-01-21 15:42:27', 0, NULL, '0');
INSERT INTO `tbl_customer_product_service` VALUES (167, 36, '2019-10-21 15:15:42', '2019-10-21 15:15:42', 'UAGTO000012833290', 300000, 0, 0, '', 0, 300000, 1, 79, 20, 1, 300000, 1, 200000, '2019-10-21 15:15:43', '2019-11-21 15:15:43', 0, NULL, '0');
INSERT INTO `tbl_customer_product_service` VALUES (166, 36, '2019-10-21 15:15:42', '2019-10-21 15:15:42', 'UAGTO000012833290', 300000, 0, 0, '', 0, 300000, 1, 78, 11, 1, 150000, 1, 100000, '2019-10-21 15:15:43', '2019-11-21 15:15:43', 0, NULL, '0');
INSERT INTO `tbl_customer_product_service` VALUES (165, 35, '2019-10-21 15:11:43', '2019-10-21 15:11:43', 'UAGTO000012833290', 300000, 0, 0, '', 0, 300000, 1, 77, 20, 1, 300000, 1, 200000, '2019-10-21 15:11:44', '2019-11-21 15:11:44', 0, NULL, '0');
INSERT INTO `tbl_customer_product_service` VALUES (164, 35, '2019-10-21 15:11:43', '2019-10-21 15:11:43', 'UAGTO000012833290', 300000, 0, 0, '', 0, 300000, 1, 76, 11, 1, 150000, 1, 100000, '2019-10-21 15:11:44', '2019-11-21 15:11:44', 0, NULL, '0');
INSERT INTO `tbl_customer_product_service` VALUES (163, 34, '2019-10-21 14:03:32', '2019-10-21 14:03:32', 'UAGTO000012833290', 300000, 0, 0, '', 0, 300000, 1, 75, 11, 1, 150000, 1, 100000, '2019-10-21 14:03:35', '2019-11-21 14:03:35', 0, NULL, '0');
INSERT INTO `tbl_customer_product_service` VALUES (162, 34, '2019-10-21 14:03:32', '2019-10-21 14:03:32', 'UAGTO000012833290', 300000, 0, 0, '', 0, 300000, 1, 74, 20, 1, 300000, 1, 200000, '2019-10-21 14:03:35', '2019-11-21 14:03:35', 0, NULL, '0');
INSERT INTO `tbl_customer_product_service` VALUES (161, 33, '2019-10-11 17:05:29', '2019-10-11 17:05:29', 'UAGTO000012833290', 100000, 0, 0, 'MMS13003', 20000, 80000, 1, 73, 10, 1, 150000, 1, 100000, '2019-10-11 17:05:29', '2019-11-11 17:05:29', 0, NULL, '0');
INSERT INTO `tbl_customer_product_service` VALUES (160, 32, '2019-10-11 14:14:39', '2019-10-11 14:14:39', 'JHEMN000050661445', 1200000, 0, 0, '', 0, 1200000, 1, 72, 10, 12, 1250000, 1, 1200000, '2019-10-11 14:14:41', '2019-11-30 15:18:12', 0, NULL, '0');
INSERT INTO `tbl_customer_product_service` VALUES (159, 31, '2019-10-10 18:07:14', '2019-10-10 18:07:14', 'UAGTO000012833290', 1200000, 0, 0, 'MMS13003', 240000, 960000, 1, 71, 11, 12, 1250000, 1, 1200000, '2019-10-10 18:07:16', '2020-10-10 18:07:16', 0, NULL, '0');
INSERT INTO `tbl_customer_product_service` VALUES (158, 30, '2019-10-10 16:33:16', '2019-10-10 16:33:16', 'UAGTO000012833290', 10000000, 0, 0, 'MMS13003', 2000000, 8000000, 1, 70, 1000, 1, 15000000, 1, 10000000, '2019-10-10 16:33:18', '2019-11-10 16:33:18', 0, NULL, '0');
INSERT INTO `tbl_customer_product_service` VALUES (157, 29, '2019-10-10 16:29:41', '2019-10-10 16:29:41', 'UAGTO000012833290', 400000, 0, 0, '', 0, 400000, 1, 69, 10, 1, 150000, 1, 100000, '2019-10-10 16:29:43', '2019-11-10 16:29:43', 0, NULL, '0');
INSERT INTO `tbl_customer_product_service` VALUES (156, 29, '2019-10-10 16:29:41', '2019-10-10 16:29:41', 'UAGTO000012833290', 400000, 0, 0, '', 0, 400000, 1, 68, 10, 1, 150000, 1, 100000, '2019-10-10 16:29:43', '2019-11-10 16:29:43', 0, NULL, '0');
INSERT INTO `tbl_customer_product_service` VALUES (155, 29, '2019-10-10 16:29:41', '2019-10-10 16:29:41', 'UAGTO000012833290', 400000, 0, 0, '', 0, 400000, 1, 67, 11, 1, 150000, 1, 100000, '2019-10-10 16:29:43', '2019-11-10 16:29:43', 0, NULL, '0');
INSERT INTO `tbl_customer_product_service` VALUES (154, 29, '2019-10-10 16:29:41', '2019-10-10 16:29:41', 'UAGTO000012833290', 400000, 0, 0, '', 0, 400000, 1, 66, 12, 1, 150000, 1, 100000, '2019-10-10 16:29:43', '2019-11-10 16:29:43', 0, NULL, '0');
INSERT INTO `tbl_customer_product_service` VALUES (153, 28, '2019-10-10 16:13:22', '2019-10-10 16:13:22', 'JHEMN000050661445', 600000, 0, 0, 'MMS172', 60000, 540000, 1, 65, 20, 3, 600000, 1, 600000, '2019-10-10 16:13:25', '2019-11-30 15:18:12', 0, NULL, '0');
INSERT INTO `tbl_customer_product_service` VALUES (152, 27, '2019-10-10 16:08:05', '2019-10-10 16:08:05', 'UAGTO000012833290', 11400000, 0, 0, 'MMS13003', 2280000, 9120000, 1, 64, 10, 12, 1200000, 1, 1200000, '2019-10-10 16:08:07', '2020-10-10 16:08:07', 0, NULL, '0');
INSERT INTO `tbl_customer_product_service` VALUES (151, 27, '2019-10-10 16:08:05', '2019-10-10 16:08:05', 'UAGTO000012833290', 11400000, 0, 0, 'MMS13003', 2280000, 9120000, 1, 63, 20, 1, 200000, 1, 200000, '2019-10-10 16:08:07', '2019-11-10 16:08:07', 0, NULL, '0');
INSERT INTO `tbl_customer_product_service` VALUES (150, 27, '2019-10-10 16:08:05', '2019-10-10 16:08:05', 'UAGTO000012833290', 11400000, 0, 0, 'MMS13003', 2280000, 9120000, 1, 62, 1000, 1, 15000000, 1, 10000000, '2019-10-10 16:08:07', '2019-11-10 16:08:07', 0, NULL, '0');
INSERT INTO `tbl_customer_product_service` VALUES (149, 26, '2019-10-10 15:24:58', '2019-10-10 15:24:58', 'JHEMN000050661445', 1200000, 0, 0, '', 0, 1200000, 1, 61, 10, 12, 1250000, 1, 1200000, '2019-10-10 15:25:00', '2019-11-30 15:18:12', 0, NULL, '0');
INSERT INTO `tbl_customer_product_service` VALUES (148, 25, '2019-10-10 15:18:10', '2019-10-10 15:18:10', 'JHEMN000050661445', 127200000, 0, 0, '', 0, 127200000, 1, 60, 1000, 12, 120000000, 1, 120000000, '2019-10-10 15:18:12', '2019-11-30 15:18:12', 0, NULL, '0');
INSERT INTO `tbl_customer_product_service` VALUES (147, 25, '2019-10-10 15:18:10', '2019-10-10 15:18:10', 'JHEMN000050661445', 127200000, 0, 0, '', 0, 127200000, 1, 59, 13, 3, 300000, 1, 300000, '2019-10-10 15:18:12', '2019-11-30 15:18:12', 0, NULL, '0');
INSERT INTO `tbl_customer_product_service` VALUES (146, 25, '2019-10-10 15:18:10', '2019-10-10 15:18:10', 'JHEMN000050661445', 127200000, 0, 0, '', 0, 127200000, 1, 58, 30, 3, 900000, 1, 900000, '2019-10-10 15:18:12', '2019-11-30 15:18:12', 0, NULL, '0');
INSERT INTO `tbl_customer_product_service` VALUES (145, 25, '2019-10-10 15:18:10', '2019-10-10 15:18:10', 'JHEMN000050661445', 127200000, 0, 0, '', 0, 127200000, 1, 57, 53, 12, 6250000, 1, 6000000, '2019-10-10 15:18:12', '2019-11-30 15:18:12', 0, NULL, '0');
INSERT INTO `tbl_customer_product_service` VALUES (144, 24, '2019-10-10 14:45:03', '2019-10-10 14:45:03', 'UAGTO000012833291', 1200000, 0, 0, 'MMS13003', 240000, 960000, 1, 56, 11, 12, 1200000, 1, 1200000, '2019-10-10 14:45:05', '2020-10-10 14:45:05', 0, NULL, '0');
INSERT INTO `tbl_customer_product_service` VALUES (143, 23, '2019-10-08 14:32:19', '2019-10-08 14:32:19', 'KLAYL000048371160', 2500000, 0, 0, '', 0, 2500000, 1, 55, 10, 1, 100000, 1, 100000, '2019-10-08 14:32:21', '2019-11-08 14:32:21', 0, NULL, '0');
INSERT INTO `tbl_customer_product_service` VALUES (142, 23, '2019-10-08 14:32:19', '2019-10-08 14:32:19', 'KLAYL000048371160', 2500000, 0, 0, '', 0, 2500000, 1, 54, 20, 12, 2400000, 1, 2400000, '2019-10-08 14:32:21', '2020-10-08 14:32:21', 0, NULL, '0');
INSERT INTO `tbl_customer_product_service` VALUES (141, 22, '2019-10-08 14:26:09', '2019-10-08 14:26:09', 'KLAYL000048371160', 2400000, 0, 0, 'MMS052', 0, 2400000, 1, 53, 20, 12, 2400000, 1, 2400000, '2019-10-08 14:26:11', '2020-10-08 14:26:11', 0, NULL, '0');
INSERT INTO `tbl_customer_product_service` VALUES (140, 21, '2019-10-08 14:22:39', '2019-10-08 14:22:39', 'KLAYL000048371160', 2400000, 0, 0, 'MMS052', 0, 2400000, 1, 52, 20, 12, 2400000, 1, 2400000, '2019-10-08 14:22:41', '2020-10-08 14:22:41', 0, NULL, '0');
INSERT INTO `tbl_customer_product_service` VALUES (139, 20, '2019-10-07 14:38:27', '2019-10-07 14:38:27', 'KLAYL000048371160', 2400000, 0, 0, '', 0, 2400000, 1, 51, 120, 1, 1200000, 1, 1200000, NULL, NULL, 0, NULL, '0');
INSERT INTO `tbl_customer_product_service` VALUES (138, 20, '2019-10-07 14:38:27', '2019-10-07 14:38:27', 'KLAYL000048371160', 2400000, 0, 0, '', 0, 2400000, 1, 50, 10, 12, 1200000, 1, 1200000, NULL, NULL, 0, NULL, '0');
INSERT INTO `tbl_customer_product_service` VALUES (137, 19, '2019-10-07 13:50:49', '2019-10-07 13:50:49', 'KLAYL000048371160', 1200000, 0, 0, 'MMS13003', 240000, 960000, 1, 49, 10, 12, 1200000, 1, 1200000, NULL, NULL, 0, NULL, '0');
INSERT INTO `tbl_customer_product_service` VALUES (136, 18, '2019-10-07 13:50:26', '2019-10-07 13:50:26', 'KLAYL000048371160', 1200000, 0, 0, 'MMS13003', 240000, 960000, 1, 48, 10, 12, 1200000, 1, 1200000, NULL, NULL, 0, NULL, '0');
INSERT INTO `tbl_customer_product_service` VALUES (135, 17, '2019-10-07 13:47:17', '2019-10-07 13:47:17', 'KLAYL000048371160', 1200000, 0, 0, 'MMS13003', 240000, 960000, 1, 47, 10, 12, 1200000, 1, 1200000, NULL, NULL, 0, NULL, '0');
INSERT INTO `tbl_customer_product_service` VALUES (134, 16, '2019-10-07 13:46:56', '2019-10-07 13:46:56', 'KLAYL000048371160', 1200000, 0, 0, 'MMS13003', 240000, 960000, 1, 46, 10, 12, 1200000, 1, 1200000, NULL, NULL, 0, NULL, '0');
INSERT INTO `tbl_customer_product_service` VALUES (133, 15, '2019-10-07 13:37:30', '2019-10-07 13:37:30', 'KLAYL000048371160', 1200000, 0, 0, '', 240000, 960000, 1, 45, 10, 12, 1200000, 1, 1200000, NULL, NULL, 0, NULL, '0');
INSERT INTO `tbl_customer_product_service` VALUES (132, 14, '2019-10-07 13:29:44', '2019-10-07 13:29:44', 'KLAYL000048371160', 1200000, 0, 0, 'MMS13003', 240000, 960000, 1, 44, 10, 12, 1200000, 1, 1200000, NULL, NULL, 0, NULL, '0');
INSERT INTO `tbl_customer_product_service` VALUES (131, 13, '2019-10-07 13:19:11', '2019-10-07 13:19:11', 'KLAYL000048371160', 1200000, 0, 0, 'MMS13003', 240000, 960000, 1, 43, 10, 12, 1200000, 1, 1200000, NULL, NULL, 0, NULL, '0');
INSERT INTO `tbl_customer_product_service` VALUES (130, 8, '2019-10-01 10:08:29', '2019-10-01 10:08:29', 'RVJXE000050577577', 105, 0, 0, NULL, 0, 105, 1, 42, 3000, 1, 1000, 1, 1000, '2019-10-01 10:14:20', '2019-11-01 10:14:20', 1, NULL, '0');
INSERT INTO `tbl_customer_product_service` VALUES (129, 7, '2019-10-01 10:08:29', '2019-10-01 10:08:29', 'RVJXE000050577577', 105, 0, 0, NULL, 0, 105, 1, 41, 3000, 1, 1000, 1, 1000, '2019-10-01 10:14:20', '2019-11-01 10:14:20', 1, NULL, '0');
INSERT INTO `tbl_customer_product_service` VALUES (128, 6, '2019-10-01 10:08:29', '2019-10-01 10:08:29', 'RVJXE000050577577', 105, 0, 0, NULL, 0, 105, 1, 40, 3000, 1, 1000, 1, 1000, '2019-10-01 10:14:20', '2019-11-01 10:14:20', 1, NULL, '0');
INSERT INTO `tbl_customer_product_service` VALUES (127, 5, '2019-10-01 10:08:29', '2019-10-01 10:08:29', 'RVJXE000050577577', 200, 0, 0, NULL, 0, 200, 1, 39, 3000, 1, 1000, 1, 1000, '2019-10-01 10:14:20', '2019-11-01 10:14:20', 1, NULL, '0');
INSERT INTO `tbl_customer_product_service` VALUES (126, 4, '2019-10-01 10:08:29', '2019-10-01 10:08:29', 'RVJXE000050577577', 100, 0, 0, NULL, 0, 100, 1, 38, 3000, 1, 1000, 1, 1000, '2019-10-01 10:14:20', '2019-11-01 10:14:20', 1, NULL, '0');
INSERT INTO `tbl_customer_product_service` VALUES (125, 8, '2019-10-01 10:08:29', '2019-10-01 10:08:29', 'RVJXE000050577577', 105, 0, 0, NULL, 0, 105, 1, 37, 2000, 1, 1000, 1, 1000, '2019-10-01 10:14:20', '2019-11-01 10:14:20', 1, NULL, '0');
INSERT INTO `tbl_customer_product_service` VALUES (124, 7, '2019-10-01 10:08:29', '2019-10-01 10:08:29', 'RVJXE000050577577', 105, 0, 0, NULL, 0, 105, 1, 36, 2000, 1, 1000, 1, 1000, '2019-10-01 10:14:20', '2019-11-01 10:14:20', 1, NULL, '0');
INSERT INTO `tbl_customer_product_service` VALUES (123, 6, '2019-10-01 10:08:29', '2019-10-01 10:08:29', 'RVJXE000050577577', 105, 0, 0, NULL, 0, 105, 1, 35, 2000, 1, 1000, 1, 1000, '2019-10-01 10:14:20', '2019-11-01 10:14:20', 1, NULL, '0');
INSERT INTO `tbl_customer_product_service` VALUES (122, 5, '2019-10-01 10:08:29', '2019-10-01 10:08:29', 'RVJXE000050577577', 200, 0, 0, NULL, 0, 200, 1, 34, 2000, 1, 1000, 1, 1000, '2019-10-01 10:14:20', '2019-11-01 10:14:20', 1, NULL, '0');
INSERT INTO `tbl_customer_product_service` VALUES (121, 4, '2019-10-01 10:08:29', '2019-10-01 10:08:29', 'RVJXE000050577577', 100, 0, 0, NULL, 0, 100, 1, 33, 2000, 1, 1000, 1, 1000, '2019-10-01 10:14:20', '2019-11-01 10:14:20', 1, NULL, '0');
INSERT INTO `tbl_customer_product_service` VALUES (120, 8, '2019-10-01 10:08:29', '2019-10-01 10:08:29', 'RVJXE000050577577', 105, 0, 0, NULL, 0, 105, 1, 32, 1000, 1, 1000, 1, 1000, '2019-10-01 10:14:20', '2019-11-01 10:14:20', 1, NULL, '0');
INSERT INTO `tbl_customer_product_service` VALUES (119, 7, '2019-10-01 10:08:29', '2019-10-01 10:08:29', 'RVJXE000050577577', 105, 0, 0, NULL, 0, 105, 1, 31, 1000, 1, 1000, 1, 1000, '2019-10-01 10:14:20', '2019-11-01 10:14:20', 1, NULL, '0');
INSERT INTO `tbl_customer_product_service` VALUES (118, 6, '2019-10-01 10:08:29', '2019-10-01 10:08:29', 'RVJXE000050577577', 105, 0, 0, NULL, 0, 105, 1, 30, 1000, 1, 1000, 1, 1000, '2019-10-01 10:14:20', '2019-11-01 10:14:20', 1, NULL, '0');
INSERT INTO `tbl_customer_product_service` VALUES (117, 5, '2019-10-01 10:08:29', '2019-10-01 10:08:29', 'RVJXE000050577577', 200, 0, 0, NULL, 0, 200, 1, 29, 1000, 1, 1000, 1, 1000, '2019-10-01 10:14:20', '2019-11-01 10:14:20', 1, NULL, '0');
INSERT INTO `tbl_customer_product_service` VALUES (116, 4, '2019-10-01 10:08:29', '2019-10-01 10:08:29', 'RVJXE000050577577', 100, 0, 0, NULL, 0, 100, 1, 28, 1000, 1, 1000, 1, 1000, '2019-10-01 10:14:20', '2019-11-01 10:14:20', 1, NULL, '0');
INSERT INTO `tbl_customer_product_service` VALUES (115, 8, '2019-10-01 10:08:29', '2019-10-01 10:08:29', 'RVJXE000050577577', 105, 0, 0, NULL, 0, 105, 1, 27, 140, 1, 1000, 1, 1000, '2019-10-01 10:14:20', '2019-11-01 10:14:20', 1, NULL, '0');
INSERT INTO `tbl_customer_product_service` VALUES (114, 7, '2019-10-01 10:08:29', '2019-10-01 10:08:29', 'RVJXE000050577577', 105, 0, 0, NULL, 0, 105, 1, 26, 140, 1, 1000, 1, 1000, '2019-10-01 10:14:20', '2019-11-01 10:14:20', 1, NULL, '0');
INSERT INTO `tbl_customer_product_service` VALUES (113, 6, '2019-10-01 10:08:29', '2019-10-01 10:08:29', 'RVJXE000050577577', 105, 0, 0, NULL, 0, 105, 1, 25, 140, 1, 1000, 1, 1000, '2019-10-01 10:14:20', '2019-11-01 10:14:20', 1, NULL, '0');
INSERT INTO `tbl_customer_product_service` VALUES (112, 5, '2019-10-01 10:08:29', '2019-10-01 10:08:29', 'RVJXE000050577577', 200, 0, 0, NULL, 0, 200, 1, 24, 140, 1, 1000, 1, 1000, '2019-10-01 10:14:20', '2019-11-01 10:14:20', 1, NULL, '0');
INSERT INTO `tbl_customer_product_service` VALUES (111, 4, '2019-10-01 10:08:29', '2019-10-01 10:08:29', 'RVJXE000050577577', 100, 0, 0, NULL, 0, 100, 1, 23, 140, 1, 1000, 1, 1000, '2019-10-01 10:14:20', '2019-11-01 10:14:20', 1, NULL, '0');
INSERT INTO `tbl_customer_product_service` VALUES (110, 8, '2019-10-01 10:08:29', '2019-10-01 10:08:29', 'RVJXE000050577577', 105, 0, 0, NULL, 0, 105, 1, 22, 130, 1, 1000, 1, 1000, '2019-10-01 10:14:20', '2019-11-01 10:14:20', 1, NULL, '0');
INSERT INTO `tbl_customer_product_service` VALUES (109, 7, '2019-10-01 10:08:29', '2019-10-01 10:08:29', 'RVJXE000050577577', 105, 0, 0, NULL, 0, 105, 1, 21, 130, 1, 1000, 1, 1000, '2019-10-01 10:14:20', '2019-11-01 10:14:20', 1, NULL, '0');
INSERT INTO `tbl_customer_product_service` VALUES (108, 6, '2019-10-01 10:08:29', '2019-10-01 10:08:29', 'RVJXE000050577577', 105, 0, 0, NULL, 0, 105, 1, 20, 130, 1, 1000, 1, 1000, '2019-10-01 10:14:20', '2019-11-01 10:14:20', 1, NULL, '0');
INSERT INTO `tbl_customer_product_service` VALUES (107, 5, '2019-10-01 10:08:29', '2019-10-01 10:08:29', 'RVJXE000050577577', 200, 0, 0, NULL, 0, 200, 1, 19, 130, 1, 1000, 1, 1000, '2019-10-01 10:14:20', '2019-11-01 10:14:20', 1, NULL, '0');
INSERT INTO `tbl_customer_product_service` VALUES (106, 4, '2019-10-01 10:08:29', '2019-10-01 10:08:29', 'RVJXE000050577577', 100, 0, 0, NULL, 0, 100, 1, 18, 130, 1, 1000, 1, 1000, '2019-10-01 10:14:20', '2019-11-01 10:14:20', 1, NULL, '0');
INSERT INTO `tbl_customer_product_service` VALUES (105, 8, '2019-10-01 10:08:29', '2019-10-01 10:08:29', 'RVJXE000050577577', 105, 0, 0, NULL, 0, 105, 1, 17, 120, 1, 1000, 1, 1000, '2019-10-01 10:14:20', '2019-11-01 10:14:20', 1, NULL, '0');
INSERT INTO `tbl_customer_product_service` VALUES (104, 7, '2019-10-01 10:08:29', '2019-10-01 10:08:29', 'RVJXE000050577577', 105, 0, 0, NULL, 0, 105, 1, 16, 120, 1, 1000, 1, 1000, '2019-10-01 10:14:20', '2019-11-01 10:14:20', 1, NULL, '0');
INSERT INTO `tbl_customer_product_service` VALUES (103, 6, '2019-10-01 10:08:29', '2019-10-01 10:08:29', 'RVJXE000050577577', 105, 0, 0, NULL, 0, 105, 1, 15, 120, 1, 1000, 1, 1000, '2019-10-01 10:14:20', '2019-11-01 10:14:20', 1, NULL, '0');
INSERT INTO `tbl_customer_product_service` VALUES (102, 5, '2019-10-01 10:08:29', '2019-10-01 10:08:29', 'RVJXE000050577577', 200, 0, 0, NULL, 0, 200, 1, 14, 120, 1, 1000, 1, 1000, '2019-10-01 10:14:20', '2019-11-01 10:14:20', 1, NULL, '0');
INSERT INTO `tbl_customer_product_service` VALUES (101, 4, '2019-10-01 10:08:29', '2019-10-01 10:08:29', 'RVJXE000050577577', 100, 0, 0, NULL, 0, 100, 1, 13, 120, 1, 1000, 1, 1000, '2019-10-01 10:14:20', '2019-11-01 10:14:20', 1, NULL, '0');
INSERT INTO `tbl_customer_product_service` VALUES (100, 8, '2019-10-01 10:08:29', '2019-10-01 10:08:29', 'RVJXE000050577577', 105, 0, 0, NULL, 0, 105, 1, 12, 110, 1, 1000, 1, 1000, '2019-10-01 10:14:20', '2019-11-01 10:14:20', 1, NULL, '0');
INSERT INTO `tbl_customer_product_service` VALUES (99, 7, '2019-10-01 10:08:29', '2019-10-01 10:08:29', 'RVJXE000050577577', 105, 0, 0, NULL, 0, 105, 1, 11, 110, 1, 1000, 1, 1000, '2019-10-01 10:14:20', '2019-11-01 10:14:20', 1, NULL, '0');
INSERT INTO `tbl_customer_product_service` VALUES (98, 6, '2019-10-01 10:08:29', '2019-10-01 10:08:29', 'RVJXE000050577577', 105, 0, 0, NULL, 0, 105, 1, 10, 110, 1, 1000, 1, 1000, '2019-10-01 10:14:20', '2019-11-01 10:14:20', 1, NULL, '0');
INSERT INTO `tbl_customer_product_service` VALUES (97, 5, '2019-10-01 10:08:29', '2019-10-01 10:08:29', 'RVJXE000050577577', 200, 0, 0, NULL, 0, 200, 1, 9, 110, 1, 1000, 1, 1000, '2019-10-01 10:14:20', '2019-11-01 10:14:20', 1, NULL, '0');
INSERT INTO `tbl_customer_product_service` VALUES (96, 4, '2019-10-01 10:08:29', '2019-10-01 10:08:29', 'RVJXE000050577577', 100, 0, 0, NULL, 0, 100, 1, 8, 110, 1, 1000, 1, 1000, '2019-10-01 10:14:20', '2019-11-01 10:14:20', 1, NULL, '0');
INSERT INTO `tbl_customer_product_service` VALUES (95, 8, '2019-10-01 10:08:29', '2019-10-01 10:08:29', 'RVJXE000050577577', 105, 0, 0, NULL, 0, 105, 1, 7, 100, 1, 1000, 1, 1000, '2019-10-01 10:14:20', '2019-11-01 10:14:20', 1, NULL, '0');
INSERT INTO `tbl_customer_product_service` VALUES (94, 7, '2019-10-01 10:08:29', '2019-10-01 10:08:29', 'RVJXE000050577577', 105, 0, 0, NULL, 0, 105, 1, 6, 100, 1, 1000, 1, 1000, '2019-10-01 10:14:20', '2019-11-01 10:14:20', 1, NULL, '0');
INSERT INTO `tbl_customer_product_service` VALUES (93, 6, '2019-10-01 10:08:29', '2019-10-01 10:08:29', 'RVJXE000050577577', 105, 0, 0, NULL, 0, 105, 1, 5, 100, 1, 1000, 1, 1000, '2019-10-01 10:14:20', '2019-11-01 10:14:20', 1, NULL, '0');
INSERT INTO `tbl_customer_product_service` VALUES (92, 5, '2019-10-01 10:08:29', '2019-10-01 10:08:29', 'RVJXE000050577577', 200, 0, 0, NULL, 0, 200, 1, 4, 100, 1, 1000, 1, 1000, '2019-10-01 10:14:20', '2019-11-01 10:14:20', 1, NULL, '0');
INSERT INTO `tbl_customer_product_service` VALUES (91, 4, '2019-10-01 10:08:29', '2019-10-01 10:08:29', 'RVJXE000050577577', 100, 0, 0, NULL, 0, 100, 1, 3, 100, 1, 1000, 1, 1000, '2019-10-01 10:14:20', '2019-11-01 10:14:20', 1, NULL, '0');
INSERT INTO `tbl_customer_product_service` VALUES (90, 1, '2019-09-25 11:26:01', '2019-10-01 11:53:39', 'sdsadsadadasdsad', 0, 0, 0, NULL, 0, 0, 1, 2, 1, 0, 0, 0, 0, NULL, NULL, 0, NULL, '0');
INSERT INTO `tbl_customer_product_service` VALUES (89, 1, '2019-09-25 11:26:01', '2019-10-01 11:53:39', 'sdsadsadadasdsad', 0, 0, 0, NULL, 0, 0, 1, 1, 1, 0, 0, 0, 0, NULL, NULL, 0, NULL, '0');

-- ----------------------------
-- Table structure for tbl_order_info
-- ----------------------------
DROP TABLE IF EXISTS `tbl_order_info`;
CREATE TABLE `tbl_order_info`  (
  `order_info_id` bigint(20) NOT NULL AUTO_INCREMENT,
  `order_create_date` timestamp(0) NOT NULL DEFAULT CURRENT_TIMESTAMP(0),
  `order_alter_date` datetime(0) NOT NULL DEFAULT CURRENT_TIMESTAMP(0) ON UPDATE CURRENT_TIMESTAMP(0),
  `user_id` char(60) CHARACTER SET utf8 COLLATE utf8_unicode_ci NOT NULL,
  `amount_sub_total` double NULL DEFAULT 0,
  `point` double NULL DEFAULT 0,
  `amount_discount_point` double NULL DEFAULT 0,
  `coupon_code` char(60) CHARACTER SET utf8 COLLATE utf8_unicode_ci NULL DEFAULT NULL,
  `amount_discount_coupon` double NULL DEFAULT 0,
  `amount_payment` double NULL DEFAULT 0,
  `order_status` int(1) NOT NULL DEFAULT 0,
  `payment_method` char(60) CHARACTER SET utf8 COLLATE utf8_unicode_ci NULL DEFAULT NULL,
  PRIMARY KEY (`order_info_id`, `order_create_date`, `order_alter_date`, `user_id`, `order_status`) USING BTREE
) ENGINE = MyISAM AUTO_INCREMENT = 40 CHARACTER SET = utf8 COLLATE = utf8_unicode_ci ROW_FORMAT = Fixed;

-- ----------------------------
-- Records of tbl_order_info
-- ----------------------------
INSERT INTO `tbl_order_info` VALUES (1, '2019-09-25 11:26:01', '2019-10-01 11:53:39', 'sdsadsadadasdsad', 0, 0, 0, NULL, 0, 0, 1, '');
INSERT INTO `tbl_order_info` VALUES (2, '2019-09-25 11:26:34', '2019-09-25 11:26:34', 'sdsadsadadasdsad', 0, 0, 0, NULL, 0, 0, 1, NULL);
INSERT INTO `tbl_order_info` VALUES (3, '2019-09-25 11:41:40', '2019-09-25 11:41:40', 'sdsadsadadasdsad', 0, 0, 0, NULL, 0, 0, 1, NULL);
INSERT INTO `tbl_order_info` VALUES (4, '2019-10-01 10:08:29', '2019-10-01 10:08:29', 'RVJXE000050577577', 100, 0, 0, NULL, 0, 100, 2, NULL);
INSERT INTO `tbl_order_info` VALUES (5, '2019-10-01 10:08:29', '2019-10-01 10:08:29', 'RVJXE000050577577', 200, 0, 0, NULL, 0, 200, 2, NULL);
INSERT INTO `tbl_order_info` VALUES (6, '2019-10-01 10:08:29', '2019-10-01 10:08:29', 'RVJXE000050577577', 105, 0, 0, NULL, 0, 105, 0, NULL);
INSERT INTO `tbl_order_info` VALUES (7, '2019-10-01 10:08:29', '2019-10-01 10:08:29', 'RVJXE000050577577', 105, 0, 0, NULL, 0, 105, 1, NULL);
INSERT INTO `tbl_order_info` VALUES (8, '2019-10-01 10:08:29', '2019-10-01 10:08:29', 'RVJXE000050577577', 105, 0, 0, NULL, 0, 105, 3, NULL);
INSERT INTO `tbl_order_info` VALUES (9, '2019-10-01 10:11:41', '2019-10-01 10:11:41', '', 0, 0, 0, NULL, 0, 0, 0, '');
INSERT INTO `tbl_order_info` VALUES (10, '2019-10-01 10:11:50', '2019-10-01 10:11:50', '', 0, 0, 0, NULL, 0, 0, 0, '');
INSERT INTO `tbl_order_info` VALUES (11, '2019-10-01 10:12:39', '2019-10-01 10:12:39', '', 0, 0, 0, NULL, 0, 0, 0, '');
INSERT INTO `tbl_order_info` VALUES (12, '2019-10-01 10:13:00', '2019-10-01 10:13:00', '', 0, 0, 0, NULL, 0, 0, 0, '1');
INSERT INTO `tbl_order_info` VALUES (13, '2019-10-07 13:19:11', '2019-10-07 13:19:11', 'KLAYL000048371160', 1200000, 0, 0, 'MMS13003', 240000, 960000, 0, NULL);
INSERT INTO `tbl_order_info` VALUES (14, '2019-10-07 13:29:44', '2019-10-07 13:29:44', 'KLAYL000048371160', 1200000, 0, 0, 'MMS13003', 240000, 960000, 0, NULL);
INSERT INTO `tbl_order_info` VALUES (15, '2019-10-07 13:37:30', '2019-10-07 13:37:30', 'KLAYL000048371160', 1200000, 0, 0, '', 240000, 960000, 0, NULL);
INSERT INTO `tbl_order_info` VALUES (16, '2019-10-07 13:46:56', '2019-10-07 13:46:56', 'KLAYL000048371160', 1200000, 0, 0, 'MMS13003', 240000, 960000, 0, NULL);
INSERT INTO `tbl_order_info` VALUES (17, '2019-10-07 13:47:17', '2019-10-07 13:47:17', 'KLAYL000048371160', 1200000, 0, 0, 'MMS13003', 240000, 960000, 0, NULL);
INSERT INTO `tbl_order_info` VALUES (18, '2019-10-07 13:50:26', '2019-10-07 13:50:26', 'KLAYL000048371160', 1200000, 0, 0, 'MMS13003', 240000, 960000, 0, NULL);
INSERT INTO `tbl_order_info` VALUES (19, '2019-10-07 13:50:49', '2019-10-07 13:50:49', 'KLAYL000048371160', 1200000, 0, 0, 'MMS13003', 240000, 960000, 0, NULL);
INSERT INTO `tbl_order_info` VALUES (20, '2019-10-07 14:38:27', '2019-10-07 14:38:27', 'KLAYL000048371160', 2400000, 0, 0, '', 0, 2400000, 0, NULL);
INSERT INTO `tbl_order_info` VALUES (21, '2019-10-08 14:22:39', '2019-10-08 14:22:39', 'KLAYL000048371160', 2400000, 0, 0, 'MMS052', 0, 2400000, 0, NULL);
INSERT INTO `tbl_order_info` VALUES (22, '2019-10-08 14:26:09', '2019-10-08 14:26:09', 'KLAYL000048371160', 2400000, 0, 0, 'MMS052', 0, 2400000, 0, NULL);
INSERT INTO `tbl_order_info` VALUES (23, '2019-10-08 14:32:19', '2019-10-08 14:32:19', 'KLAYL000048371160', 2500000, 0, 0, '', 0, 2500000, 0, NULL);
INSERT INTO `tbl_order_info` VALUES (24, '2019-10-10 14:45:03', '2019-10-10 14:45:03', 'BVTIZ000050792444', 1200000, 0, 0, 'MMS13003', 240000, 960000, 0, NULL);
INSERT INTO `tbl_order_info` VALUES (25, '2019-10-10 15:18:10', '2019-10-10 15:18:10', 'NYURW000050792586', 127200000, 0, 0, '', 0, 127200000, 0, NULL);
INSERT INTO `tbl_order_info` VALUES (26, '2019-10-10 15:24:58', '2019-10-10 15:24:58', 'NYURW000050792586', 1200000, 0, 0, '', 0, 1200000, 0, NULL);
INSERT INTO `tbl_order_info` VALUES (27, '2019-10-10 16:08:05', '2019-10-10 16:08:05', 'BVTIZ000050792444', 11400000, 0, 0, 'MMS13003', 2280000, 9120000, 0, NULL);
INSERT INTO `tbl_order_info` VALUES (28, '2019-10-10 16:13:22', '2019-10-10 16:13:22', 'NYURW000050792586', 600000, 0, 0, 'MMS172', 60000, 540000, 0, NULL);
INSERT INTO `tbl_order_info` VALUES (29, '2019-10-10 16:29:41', '2019-10-10 16:29:41', 'BVTIZ000050792444', 400000, 0, 0, '', 0, 400000, 0, NULL);
INSERT INTO `tbl_order_info` VALUES (30, '2019-10-10 16:33:16', '2019-10-10 16:33:16', 'BVTIZ000050792444', 10000000, 0, 0, 'MMS13003', 2000000, 8000000, 0, NULL);
INSERT INTO `tbl_order_info` VALUES (31, '2019-10-10 18:07:14', '2019-10-10 18:07:14', 'BVTIZ000050792444', 1200000, 0, 0, 'MMS13003', 240000, 960000, 0, NULL);
INSERT INTO `tbl_order_info` VALUES (32, '2019-10-11 14:14:39', '2019-10-11 14:14:39', 'NYURW000050792586', 1200000, 0, 0, '', 0, 1200000, 0, NULL);
INSERT INTO `tbl_order_info` VALUES (33, '2019-10-11 17:05:29', '2019-10-11 17:05:29', 'BVTIZ000050792444', 100000, 0, 0, 'MMS13003', 20000, 80000, 0, NULL);
INSERT INTO `tbl_order_info` VALUES (34, '2019-10-21 14:03:32', '2019-10-21 14:03:32', 'BVTIZ000050792444', 300000, 0, 0, '', 0, 300000, 0, NULL);
INSERT INTO `tbl_order_info` VALUES (35, '2019-10-21 15:11:43', '2019-10-21 15:11:43', 'BVTIZ000050792444', 300000, 0, 0, '', 0, 300000, 0, NULL);
INSERT INTO `tbl_order_info` VALUES (36, '2019-10-21 15:15:42', '2019-10-21 15:15:42', 'BVTIZ000050792444', 300000, 0, 0, '', 0, 300000, 0, NULL);
INSERT INTO `tbl_order_info` VALUES (37, '2019-10-21 15:42:27', '2019-10-21 15:42:27', 'BVTIZ000050792444', 300000, 0, 0, '', 0, 300000, 0, NULL);
INSERT INTO `tbl_order_info` VALUES (38, '2019-10-30 09:59:03', '2019-10-30 09:59:03', 'JHEMN000050661445', 100000, 0, 0, '', 0, 100000, 0, NULL);
INSERT INTO `tbl_order_info` VALUES (39, '2019-10-30 10:04:18', '2019-10-30 10:04:18', 'JHEMN000050661445', 700000, 0, 0, '', 0, 700000, 0, NULL);

-- ----------------------------
-- Table structure for tbl_order_item
-- ----------------------------
DROP TABLE IF EXISTS `tbl_order_item`;
CREATE TABLE `tbl_order_item`  (
  `order_item_id` bigint(20) NOT NULL AUTO_INCREMENT,
  `order_info_id` bigint(20) NOT NULL,
  `product_service_id` int(8) NOT NULL,
  `month` int(2) NULL DEFAULT 0,
  `price` double NULL DEFAULT 0,
  `quantity` int(4) NULL DEFAULT 0,
  `amount` double NULL DEFAULT 0,
  `product_service_start_date` datetime(0) NULL DEFAULT NULL,
  `product_service_end_date` datetime(0) NULL DEFAULT NULL,
  `auto_renew` int(11) NOT NULL DEFAULT 0,
  `shopping_cart_id` bigint(10) NULL DEFAULT NULL,
  PRIMARY KEY (`order_item_id`) USING BTREE
) ENGINE = MyISAM AUTO_INCREMENT = 83 CHARACTER SET = utf8 COLLATE = utf8_unicode_ci ROW_FORMAT = Fixed;

-- ----------------------------
-- Records of tbl_order_item
-- ----------------------------
INSERT INTO `tbl_order_item` VALUES (1, 1, 1, 0, 0, 0, 0, NULL, NULL, 0, NULL);
INSERT INTO `tbl_order_item` VALUES (2, 1, 1, 0, 0, 0, 0, NULL, NULL, 0, NULL);
INSERT INTO `tbl_order_item` VALUES (3, 4, 100, 1, 1000, 1, 1000, '2019-10-01 10:14:20', '2019-11-01 10:14:20', 1, NULL);
INSERT INTO `tbl_order_item` VALUES (4, 5, 100, 1, 1000, 1, 1000, '2019-10-01 10:14:20', '2019-11-01 10:14:20', 1, NULL);
INSERT INTO `tbl_order_item` VALUES (5, 6, 100, 1, 1000, 1, 1000, '2019-10-01 10:14:20', '2019-11-01 10:14:20', 1, NULL);
INSERT INTO `tbl_order_item` VALUES (6, 7, 100, 1, 1000, 1, 1000, '2019-10-01 10:14:20', '2019-11-01 10:14:20', 1, NULL);
INSERT INTO `tbl_order_item` VALUES (7, 8, 100, 1, 1000, 1, 1000, '2019-10-01 10:14:20', '2019-11-01 10:14:20', 1, NULL);
INSERT INTO `tbl_order_item` VALUES (8, 4, 110, 1, 1000, 1, 1000, '2019-10-01 10:14:20', '2019-11-01 10:14:20', 1, NULL);
INSERT INTO `tbl_order_item` VALUES (9, 5, 110, 1, 1000, 1, 1000, '2019-10-01 10:14:20', '2019-11-01 10:14:20', 1, NULL);
INSERT INTO `tbl_order_item` VALUES (10, 6, 110, 1, 1000, 1, 1000, '2019-10-01 10:14:20', '2019-11-01 10:14:20', 1, NULL);
INSERT INTO `tbl_order_item` VALUES (11, 7, 110, 1, 1000, 1, 1000, '2019-10-01 10:14:20', '2019-11-01 10:14:20', 1, NULL);
INSERT INTO `tbl_order_item` VALUES (12, 8, 110, 1, 1000, 1, 1000, '2019-10-01 10:14:20', '2019-11-01 10:14:20', 1, NULL);
INSERT INTO `tbl_order_item` VALUES (13, 4, 120, 1, 1000, 1, 1000, '2019-10-01 10:14:20', '2019-11-01 10:14:20', 1, NULL);
INSERT INTO `tbl_order_item` VALUES (14, 5, 120, 1, 1000, 1, 1000, '2019-10-01 10:14:20', '2019-11-01 10:14:20', 1, NULL);
INSERT INTO `tbl_order_item` VALUES (15, 6, 120, 1, 1000, 1, 1000, '2019-10-01 10:14:20', '2019-11-01 10:14:20', 1, NULL);
INSERT INTO `tbl_order_item` VALUES (16, 7, 120, 1, 1000, 1, 1000, '2019-10-01 10:14:20', '2019-11-01 10:14:20', 1, NULL);
INSERT INTO `tbl_order_item` VALUES (17, 8, 120, 1, 1000, 1, 1000, '2019-10-01 10:14:20', '2019-11-01 10:14:20', 1, NULL);
INSERT INTO `tbl_order_item` VALUES (18, 4, 130, 1, 1000, 1, 1000, '2019-10-01 10:14:20', '2019-11-01 10:14:20', 1, NULL);
INSERT INTO `tbl_order_item` VALUES (19, 5, 130, 1, 1000, 1, 1000, '2019-10-01 10:14:20', '2019-11-01 10:14:20', 1, NULL);
INSERT INTO `tbl_order_item` VALUES (20, 6, 130, 1, 1000, 1, 1000, '2019-10-01 10:14:20', '2019-11-01 10:14:20', 1, NULL);
INSERT INTO `tbl_order_item` VALUES (21, 7, 130, 1, 1000, 1, 1000, '2019-10-01 10:14:20', '2019-11-01 10:14:20', 1, NULL);
INSERT INTO `tbl_order_item` VALUES (22, 8, 130, 1, 1000, 1, 1000, '2019-10-01 10:14:20', '2019-11-01 10:14:20', 1, NULL);
INSERT INTO `tbl_order_item` VALUES (23, 4, 140, 1, 1000, 1, 1000, '2019-10-01 10:14:20', '2019-11-01 10:14:20', 1, NULL);
INSERT INTO `tbl_order_item` VALUES (24, 5, 140, 1, 1000, 1, 1000, '2019-10-01 10:14:20', '2019-11-01 10:14:20', 1, NULL);
INSERT INTO `tbl_order_item` VALUES (25, 6, 140, 1, 1000, 1, 1000, '2019-10-01 10:14:20', '2019-11-01 10:14:20', 1, NULL);
INSERT INTO `tbl_order_item` VALUES (26, 7, 140, 1, 1000, 1, 1000, '2019-10-01 10:14:20', '2019-11-01 10:14:20', 1, NULL);
INSERT INTO `tbl_order_item` VALUES (27, 8, 140, 1, 1000, 1, 1000, '2019-10-01 10:14:20', '2019-11-01 10:14:20', 1, NULL);
INSERT INTO `tbl_order_item` VALUES (28, 4, 1000, 1, 1000, 1, 1000, '2019-10-01 10:14:20', '2019-11-01 10:14:20', 1, NULL);
INSERT INTO `tbl_order_item` VALUES (29, 5, 1000, 1, 1000, 1, 1000, '2019-10-01 10:14:20', '2019-11-01 10:14:20', 1, NULL);
INSERT INTO `tbl_order_item` VALUES (30, 6, 1000, 1, 1000, 1, 1000, '2019-10-01 10:14:20', '2019-11-01 10:14:20', 1, NULL);
INSERT INTO `tbl_order_item` VALUES (31, 7, 1000, 1, 1000, 1, 1000, '2019-10-01 10:14:20', '2019-11-01 10:14:20', 1, NULL);
INSERT INTO `tbl_order_item` VALUES (32, 8, 1000, 1, 1000, 1, 1000, '2019-10-01 10:14:20', '2019-11-01 10:14:20', 1, NULL);
INSERT INTO `tbl_order_item` VALUES (33, 4, 2000, 1, 1000, 1, 1000, '2019-10-01 10:14:20', '2019-11-01 10:14:20', 1, NULL);
INSERT INTO `tbl_order_item` VALUES (34, 5, 2000, 1, 1000, 1, 1000, '2019-10-01 10:14:20', '2019-11-01 10:14:20', 1, NULL);
INSERT INTO `tbl_order_item` VALUES (35, 6, 2000, 1, 1000, 1, 1000, '2019-10-01 10:14:20', '2019-11-01 10:14:20', 1, NULL);
INSERT INTO `tbl_order_item` VALUES (36, 7, 2000, 1, 1000, 1, 1000, '2019-10-01 10:14:20', '2019-11-01 10:14:20', 1, NULL);
INSERT INTO `tbl_order_item` VALUES (37, 8, 2000, 1, 1000, 1, 1000, '2019-10-01 10:14:20', '2019-11-01 10:14:20', 1, NULL);
INSERT INTO `tbl_order_item` VALUES (38, 4, 3000, 1, 1000, 1, 1000, '2019-10-01 10:14:20', '2019-11-01 10:14:20', 1, NULL);
INSERT INTO `tbl_order_item` VALUES (39, 5, 3000, 1, 1000, 1, 1000, '2019-10-01 10:14:20', '2019-11-01 10:14:20', 1, NULL);
INSERT INTO `tbl_order_item` VALUES (40, 6, 3000, 1, 1000, 1, 1000, '2019-10-01 10:14:20', '2019-11-01 10:14:20', 1, NULL);
INSERT INTO `tbl_order_item` VALUES (41, 7, 3000, 1, 1000, 1, 1000, '2019-10-01 10:14:20', '2019-11-01 10:14:20', 1, NULL);
INSERT INTO `tbl_order_item` VALUES (42, 8, 3000, 1, 1000, 1, 1000, '2019-10-01 10:14:20', '2019-11-01 10:14:20', 1, NULL);
INSERT INTO `tbl_order_item` VALUES (43, 13, 10, 12, 1200000, 1, 1200000, NULL, NULL, 0, NULL);
INSERT INTO `tbl_order_item` VALUES (44, 14, 10, 12, 1200000, 1, 1200000, NULL, NULL, 0, NULL);
INSERT INTO `tbl_order_item` VALUES (45, 15, 10, 12, 1200000, 1, 1200000, NULL, NULL, 0, NULL);
INSERT INTO `tbl_order_item` VALUES (46, 16, 10, 12, 1200000, 1, 1200000, NULL, NULL, 0, NULL);
INSERT INTO `tbl_order_item` VALUES (47, 17, 10, 12, 1200000, 1, 1200000, NULL, NULL, 0, NULL);
INSERT INTO `tbl_order_item` VALUES (48, 18, 10, 12, 1200000, 1, 1200000, NULL, NULL, 0, NULL);
INSERT INTO `tbl_order_item` VALUES (49, 19, 10, 12, 1200000, 1, 1200000, NULL, NULL, 0, NULL);
INSERT INTO `tbl_order_item` VALUES (50, 20, 10, 12, 1200000, 1, 1200000, NULL, NULL, 0, NULL);
INSERT INTO `tbl_order_item` VALUES (51, 20, 120, 1, 1200000, 1, 1200000, NULL, NULL, 0, NULL);
INSERT INTO `tbl_order_item` VALUES (52, 21, 20, 12, 2400000, 1, 2400000, '2019-10-08 14:22:41', '2020-10-08 14:22:41', 0, NULL);
INSERT INTO `tbl_order_item` VALUES (53, 22, 20, 12, 2400000, 1, 2400000, '2019-10-08 14:26:11', '2020-10-08 14:26:11', 0, NULL);
INSERT INTO `tbl_order_item` VALUES (54, 23, 20, 12, 2400000, 1, 2400000, '2019-10-08 14:32:21', '2020-10-08 14:32:21', 0, NULL);
INSERT INTO `tbl_order_item` VALUES (55, 23, 10, 1, 100000, 1, 100000, '2019-10-08 14:32:21', '2019-11-08 14:32:21', 0, NULL);
INSERT INTO `tbl_order_item` VALUES (56, 24, 11, 12, 1200000, 1, 1200000, '2019-10-10 14:45:05', '2020-10-10 14:45:05', 0, NULL);
INSERT INTO `tbl_order_item` VALUES (57, 25, 53, 12, 6250000, 1, 6000000, '2019-10-10 15:18:12', '2020-10-10 15:18:12', 0, NULL);
INSERT INTO `tbl_order_item` VALUES (58, 25, 30, 3, 900000, 1, 900000, '2019-10-10 15:18:12', '2020-01-10 15:18:12', 0, NULL);
INSERT INTO `tbl_order_item` VALUES (59, 25, 13, 3, 300000, 1, 300000, '2019-10-10 15:18:12', '2020-01-10 15:18:12', 0, NULL);
INSERT INTO `tbl_order_item` VALUES (60, 25, 1000, 12, 120000000, 1, 120000000, '2019-10-10 15:18:12', '2020-10-10 15:18:12', 0, NULL);
INSERT INTO `tbl_order_item` VALUES (61, 26, 10, 12, 1250000, 1, 1200000, '2019-10-10 15:25:00', '2020-10-10 15:25:00', 0, NULL);
INSERT INTO `tbl_order_item` VALUES (62, 27, 1000, 1, 15000000, 1, 10000000, '2019-10-10 16:08:07', '2019-11-10 16:08:07', 0, NULL);
INSERT INTO `tbl_order_item` VALUES (63, 27, 20, 1, 200000, 1, 200000, '2019-10-10 16:08:07', '2019-11-10 16:08:07', 0, NULL);
INSERT INTO `tbl_order_item` VALUES (64, 27, 10, 12, 1200000, 1, 1200000, '2019-10-10 16:08:07', '2020-10-10 16:08:07', 0, NULL);
INSERT INTO `tbl_order_item` VALUES (65, 28, 22, 3, 600000, 1, 600000, '2019-10-10 16:13:25', '2020-01-10 16:13:25', 0, NULL);
INSERT INTO `tbl_order_item` VALUES (66, 29, 12, 1, 150000, 1, 100000, '2019-10-10 16:29:43', '2019-11-10 16:29:43', 0, NULL);
INSERT INTO `tbl_order_item` VALUES (67, 29, 11, 1, 150000, 1, 100000, '2019-10-10 16:29:43', '2019-11-10 16:29:43', 0, NULL);
INSERT INTO `tbl_order_item` VALUES (68, 29, 10, 1, 150000, 1, 100000, '2019-10-10 16:29:43', '2019-11-10 16:29:43', 0, NULL);
INSERT INTO `tbl_order_item` VALUES (69, 29, 10, 1, 150000, 1, 100000, '2019-10-10 16:29:43', '2019-11-10 16:29:43', 0, NULL);
INSERT INTO `tbl_order_item` VALUES (70, 30, 1000, 1, 15000000, 1, 10000000, '2019-10-10 16:33:18', '2019-11-10 16:33:18', 0, NULL);
INSERT INTO `tbl_order_item` VALUES (71, 31, 11, 12, 1250000, 1, 1200000, '2019-10-10 18:07:16', '2020-10-10 18:07:16', 0, NULL);
INSERT INTO `tbl_order_item` VALUES (72, 32, 10, 12, 1250000, 1, 1200000, '2019-10-11 14:14:41', '2020-10-11 14:14:41', 0, NULL);
INSERT INTO `tbl_order_item` VALUES (73, 33, 10, 1, 150000, 1, 100000, '2019-10-11 17:05:29', '2019-11-11 17:05:29', 0, NULL);
INSERT INTO `tbl_order_item` VALUES (74, 34, 20, 1, 300000, 1, 200000, '2019-10-21 14:03:35', '2019-11-21 14:03:35', 0, NULL);
INSERT INTO `tbl_order_item` VALUES (75, 34, 11, 1, 150000, 1, 100000, '2019-10-21 14:03:35', '2019-11-21 14:03:35', 0, NULL);
INSERT INTO `tbl_order_item` VALUES (76, 35, 11, 1, 150000, 1, 100000, '2019-10-21 15:11:44', '2019-11-21 15:11:44', 0, NULL);
INSERT INTO `tbl_order_item` VALUES (77, 35, 20, 1, 300000, 1, 200000, '2019-10-21 15:11:44', '2019-11-21 15:11:44', 0, NULL);
INSERT INTO `tbl_order_item` VALUES (78, 36, 11, 1, 150000, 1, 100000, '2019-10-21 15:15:43', '2019-11-21 15:15:43', 0, NULL);
INSERT INTO `tbl_order_item` VALUES (79, 36, 20, 1, 300000, 1, 200000, '2019-10-21 15:15:43', '2019-11-21 15:15:43', 0, NULL);
INSERT INTO `tbl_order_item` VALUES (80, 37, 11, 3, 300000, 1, 300000, '2019-10-21 15:42:27', '2020-01-21 15:42:27', 0, NULL);
INSERT INTO `tbl_order_item` VALUES (81, 38, 12, 1, 150000, 1, 100000, '2019-10-30 09:59:05', '2019-11-30 09:59:05', 0, NULL);
INSERT INTO `tbl_order_item` VALUES (82, 39, 71, 1, 1050000, 1, 700000, '2019-10-30 10:04:20', '2019-11-30 10:04:20', 0, NULL);

-- ----------------------------
-- Table structure for tbl_payment_info
-- ----------------------------
DROP TABLE IF EXISTS `tbl_payment_info`;
CREATE TABLE `tbl_payment_info`  (
  `payment_id` char(60) CHARACTER SET utf8 COLLATE utf8_unicode_ci NOT NULL,
  `payment_create_date` datetime(0) NULL DEFAULT CURRENT_TIMESTAMP(0),
  `order_info_id` bigint(20) NULL DEFAULT NULL,
  `currency_id` char(60) CHARACTER SET utf8 COLLATE utf8_unicode_ci NULL DEFAULT NULL,
  `order_description` varchar(255) CHARACTER SET utf8 COLLATE utf8_unicode_ci NULL DEFAULT NULL,
  `amount_payment` double NULL DEFAULT NULL,
  `totalItem` int(4) NULL DEFAULT NULL,
  `payment_method` char(60) CHARACTER SET utf8 COLLATE utf8_unicode_ci NULL DEFAULT NULL,
  `payment_status` char(60) CHARACTER SET utf8 COLLATE utf8_unicode_ci NULL DEFAULT NULL,
  `shopping_cart_id` bigint(10) NULL DEFAULT NULL,
  PRIMARY KEY (`payment_id`) USING BTREE
) ENGINE = MyISAM CHARACTER SET = utf8 COLLATE = utf8_unicode_ci ROW_FORMAT = Dynamic;

-- ----------------------------
-- Table structure for tbl_shopping_cart
-- ----------------------------
DROP TABLE IF EXISTS `tbl_shopping_cart`;
CREATE TABLE `tbl_shopping_cart`  (
  `shopping_cart_id` bigint(20) NOT NULL AUTO_INCREMENT,
  `shopping_cart_create_date` timestamp(0) NOT NULL DEFAULT CURRENT_TIMESTAMP(0),
  `shopping_cart_alter_date` datetime(0) NOT NULL DEFAULT CURRENT_TIMESTAMP(0) ON UPDATE CURRENT_TIMESTAMP(0),
  `user_id` char(60) CHARACTER SET utf8 COLLATE utf8_unicode_ci NOT NULL,
  `product_service_id` int(8) NOT NULL,
  `month` int(2) NULL DEFAULT 0,
  `price` double NULL DEFAULT 0,
  `quantity` int(4) NULL DEFAULT 0,
  `amount` double NULL DEFAULT 0,
  `shopping_cart_status` char(1) CHARACTER SET utf8 COLLATE utf8_unicode_ci NULL DEFAULT NULL,
  PRIMARY KEY (`shopping_cart_id`) USING BTREE
) ENGINE = MyISAM AUTO_INCREMENT = 59 CHARACTER SET = utf8 COLLATE = utf8_unicode_ci ROW_FORMAT = Fixed;

-- ----------------------------
-- Records of tbl_shopping_cart
-- ----------------------------
INSERT INTO `tbl_shopping_cart` VALUES (2, '2019-09-26 14:59:21', '2019-10-08 08:55:46', 'KLAYL000048371160', 10, 1, 56, 1, 56, 'D');
INSERT INTO `tbl_shopping_cart` VALUES (3, '2019-09-26 15:06:31', '2019-09-26 15:06:31', 'KLAYL000048371160', 1, 1, 1000, 1, 1000, 'O');
INSERT INTO `tbl_shopping_cart` VALUES (4, '2019-09-30 11:02:57', '2019-10-07 15:26:01', 'KLAYL000048371160', 10, 1, 150000, 1, 100000, 'D');
INSERT INTO `tbl_shopping_cart` VALUES (5, '2019-09-30 13:16:58', '2019-10-07 15:26:01', 'KLAYL000048371160', 10, 12, 1250000, 1, 1200000, 'D');
INSERT INTO `tbl_shopping_cart` VALUES (6, '2019-09-30 16:03:32', '2019-10-08 08:55:45', 'KLAYL000048371160', 10, 3, 300000, 1, 300000, 'D');
INSERT INTO `tbl_shopping_cart` VALUES (7, '2019-09-30 17:49:36', '2019-10-04 15:23:18', 'KLAYL000048371160', 103, 1, 150000, 1, 100000, 'D');
INSERT INTO `tbl_shopping_cart` VALUES (8, '2019-09-30 17:55:16', '2019-10-08 08:17:26', 'KLAYL000048371160', 120, 1, 1200000, 1, 1200000, 'D');
INSERT INTO `tbl_shopping_cart` VALUES (9, '2019-10-02 09:23:48', '2019-10-02 09:23:48', 'KLAYL000048371160', 1, 1, 1000, 1, 1000, 'O');
INSERT INTO `tbl_shopping_cart` VALUES (10, '2019-10-02 10:23:20', '2019-10-02 10:23:20', 'KLAYL000048371160', 340, 3, 105000000, 1, 90000000, 'O');
INSERT INTO `tbl_shopping_cart` VALUES (11, '2019-10-02 14:33:49', '2019-10-02 14:33:49', 'KLAYL000048371160', 318, 1, 1800000, 1, 1200000, 'O');
INSERT INTO `tbl_shopping_cart` VALUES (12, '2019-10-07 16:40:20', '2019-10-07 16:40:20', 'KLAYL000048371160', 1, 1, 1000, 1, 1000, 'O');
INSERT INTO `tbl_shopping_cart` VALUES (13, '2019-10-07 16:40:57', '2019-10-07 16:40:57', 'KLAYL000048371160', 1, 1, 1000, 1, 1000, 'O');
INSERT INTO `tbl_shopping_cart` VALUES (14, '2019-10-07 16:41:16', '2019-10-07 16:41:16', 'KLAYL000048371160', 1, 1, 1000, 1, 1000, 'O');
INSERT INTO `tbl_shopping_cart` VALUES (15, '2019-10-07 16:42:12', '2019-10-07 16:42:12', 'KLAYL000048371160', 1, 1, 1000, 1, 1000, 'O');
INSERT INTO `tbl_shopping_cart` VALUES (16, '2019-10-07 16:43:58', '2019-10-07 16:43:58', 'KLAYL000048371160', 1, 1, 1000, 1, 1000, 'O');
INSERT INTO `tbl_shopping_cart` VALUES (17, '2019-10-07 16:50:18', '2019-10-07 16:50:18', 'KLAYL000048371160', 338, 3, 35000000, 1, 30000000, 'O');
INSERT INTO `tbl_shopping_cart` VALUES (18, '2019-10-07 16:51:02', '2019-10-07 16:51:02', 'KLAYL000048371160', 338, 3, 35000000, 1, 30000000, 'O');
INSERT INTO `tbl_shopping_cart` VALUES (19, '2019-10-07 17:01:22', '2019-10-07 17:01:22', 'KLAYL000048371160', 355, 12, 125000000, 1, 120000000, 'O');
INSERT INTO `tbl_shopping_cart` VALUES (20, '2019-10-07 17:04:25', '2019-10-07 17:04:25', 'KLAYL000048371160', 321, 1, 15000000, 1, 10000000, 'O');
INSERT INTO `tbl_shopping_cart` VALUES (21, '2019-10-07 17:04:56', '2019-10-07 17:04:56', 'KLAYL000048371160', 321, 1, 15000000, 1, 10000000, 'O');
INSERT INTO `tbl_shopping_cart` VALUES (22, '2019-10-08 08:18:11', '2019-10-08 08:18:11', 'KLAYL000048371160', 324, 3, 350000, 1, 300000, 'O');
INSERT INTO `tbl_shopping_cart` VALUES (23, '2019-10-08 08:37:14', '2019-10-08 08:37:14', 'KLAYL000048371160', 307, 1, 150000, 1, 100000, 'O');
INSERT INTO `tbl_shopping_cart` VALUES (24, '2019-10-08 08:41:22', '2019-10-08 11:13:40', 'KLAYL000048371160', 10, 1, 100000, 1, 100000, 'O');
INSERT INTO `tbl_shopping_cart` VALUES (25, '2019-10-08 08:55:05', '2019-10-08 13:17:54', 'KLAYL000048371160', 20, 12, 2400000, 1, 2400000, 'O');
INSERT INTO `tbl_shopping_cart` VALUES (26, '2019-10-10 14:29:15', '2019-10-10 14:45:06', 'BVTIZ000050792444', 11, 12, 1200000, 1, 1200000, 'D');
INSERT INTO `tbl_shopping_cart` VALUES (27, '2019-10-10 14:34:18', '2019-10-10 15:18:13', 'NYURW000050792586', 1000, 12, 120000000, 1, 120000000, 'D');
INSERT INTO `tbl_shopping_cart` VALUES (28, '2019-10-10 14:50:01', '2019-10-10 15:18:13', 'NYURW000050792586', 13, 3, 300000, 1, 300000, 'D');
INSERT INTO `tbl_shopping_cart` VALUES (29, '2019-10-10 14:50:22', '2019-10-10 15:18:13', 'NYURW000050792586', 30, 3, 900000, 1, 900000, 'D');
INSERT INTO `tbl_shopping_cart` VALUES (30, '2019-10-10 14:58:22', '2019-10-10 16:08:08', 'BVTIZ000050792444', 10, 12, 1200000, 1, 1200000, 'D');
INSERT INTO `tbl_shopping_cart` VALUES (31, '2019-10-10 14:58:36', '2019-10-10 16:08:08', 'BVTIZ000050792444', 20, 1, 200000, 1, 200000, 'D');
INSERT INTO `tbl_shopping_cart` VALUES (32, '2019-10-10 15:07:23', '2019-10-10 15:07:23', 'WQJCX000002375639', 1000, 1, 15000000, 1, 10000000, 'O');
INSERT INTO `tbl_shopping_cart` VALUES (33, '2019-10-10 15:12:17', '2019-10-10 15:18:13', 'NYURW000050792586', 53, 12, 6250000, 1, 6000000, 'D');
INSERT INTO `tbl_shopping_cart` VALUES (34, '2019-10-10 15:19:25', '2019-10-10 16:05:47', 'NYURW000050792586', 1000, 3, 30000000, 1, 30000000, 'O');
INSERT INTO `tbl_shopping_cart` VALUES (35, '2019-10-10 15:23:56', '2019-10-10 15:25:01', 'NYURW000050792586', 10, 12, 1250000, 1, 1200000, 'D');
INSERT INTO `tbl_shopping_cart` VALUES (36, '2019-10-10 15:32:47', '2019-10-10 15:32:47', 'WQJCX000002375639', 1000, 1, 15000000, 1, 10000000, 'O');
INSERT INTO `tbl_shopping_cart` VALUES (37, '2019-10-10 16:00:51', '2019-10-10 16:00:51', 'NYURW000050792586', 1000, 12, 125000000, 1, 120000000, 'O');
INSERT INTO `tbl_shopping_cart` VALUES (38, '2019-10-10 16:02:44', '2019-10-10 16:08:08', 'BVTIZ000050792444', 1000, 1, 15000000, 1, 10000000, 'D');
INSERT INTO `tbl_shopping_cart` VALUES (39, '2019-10-10 16:11:16', '2019-10-10 16:29:44', 'BVTIZ000050792444', 10, 1, 150000, 1, 100000, 'D');
INSERT INTO `tbl_shopping_cart` VALUES (40, '2019-10-10 16:11:45', '2019-10-10 16:13:26', 'NYURW000050792586', 22, 3, 600000, 1, 600000, 'D');
INSERT INTO `tbl_shopping_cart` VALUES (41, '2019-10-10 16:19:48', '2019-10-10 16:29:44', 'BVTIZ000050792444', 10, 1, 150000, 1, 100000, 'D');
INSERT INTO `tbl_shopping_cart` VALUES (42, '2019-10-10 16:20:24', '2019-10-10 16:29:44', 'BVTIZ000050792444', 11, 1, 150000, 1, 100000, 'D');
INSERT INTO `tbl_shopping_cart` VALUES (43, '2019-10-10 16:26:36', '2019-10-10 16:29:44', 'BVTIZ000050792444', 12, 1, 150000, 1, 100000, 'D');
INSERT INTO `tbl_shopping_cart` VALUES (44, '2019-10-10 16:31:12', '2019-10-10 16:33:19', 'BVTIZ000050792444', 1000, 1, 15000000, 1, 10000000, 'D');
INSERT INTO `tbl_shopping_cart` VALUES (45, '2019-10-10 16:33:55', '2019-10-11 17:05:32', 'BVTIZ000050792444', 10, 1, 150000, 1, 100000, 'D');
INSERT INTO `tbl_shopping_cart` VALUES (46, '2019-10-10 18:02:42', '2019-10-10 18:07:17', 'BVTIZ000050792444', 11, 12, 1250000, 1, 1200000, 'D');
INSERT INTO `tbl_shopping_cart` VALUES (47, '2019-10-11 14:13:12', '2019-10-11 14:14:42', 'NYURW000050792586', 10, 12, 1250000, 1, 1200000, 'D');
INSERT INTO `tbl_shopping_cart` VALUES (48, '2019-10-11 14:19:16', '2019-10-11 14:19:16', 'NYURW000050792586', 11, 1, 150000, 1, 100000, 'O');
INSERT INTO `tbl_shopping_cart` VALUES (49, '2019-10-14 13:33:54', '2019-10-14 13:33:54', 'NYURW000050792586', 10, 1, 150000, 1, 100000, 'O');
INSERT INTO `tbl_shopping_cart` VALUES (50, '2019-10-14 13:40:23', '2019-10-14 13:40:23', 'NYURW000050792586', 11, 1, 150000, 1, 100000, 'O');
INSERT INTO `tbl_shopping_cart` VALUES (51, '2019-10-14 13:49:22', '2019-10-21 13:32:48', 'BVTIZ000050792444', 11, 1, 150000, 1, 100000, 'D');
INSERT INTO `tbl_shopping_cart` VALUES (52, '2019-10-21 13:31:11', '2019-10-21 15:02:25', 'BVTIZ000050792444', 11, 1, 150000, 1, 100000, 'D');
INSERT INTO `tbl_shopping_cart` VALUES (53, '2019-10-21 13:32:15', '2019-10-21 15:15:45', 'BVTIZ000050792444', 20, 1, 300000, 1, 200000, 'D');
INSERT INTO `tbl_shopping_cart` VALUES (54, '2019-10-21 14:28:27', '2019-10-21 15:15:45', 'BVTIZ000050792444', 11, 1, 150000, 1, 100000, 'D');
INSERT INTO `tbl_shopping_cart` VALUES (55, '2019-10-21 15:37:10', '2019-10-21 15:42:31', 'BVTIZ000050792444', 11, 3, 300000, 1, 300000, 'D');
INSERT INTO `tbl_shopping_cart` VALUES (56, '2019-10-21 16:53:51', '2019-10-21 16:53:51', 'BVTIZ000050792444', 11, 1, 150000, 1, 100000, 'O');
INSERT INTO `tbl_shopping_cart` VALUES (57, '2019-10-30 09:58:39', '2019-10-30 09:59:06', 'JHEMN000050661445', 12, 1, 150000, 1, 100000, 'D');
INSERT INTO `tbl_shopping_cart` VALUES (58, '2019-10-30 10:02:25', '2019-10-30 10:04:21', 'JHEMN000050661445', 71, 1, 1050000, 1, 700000, 'D');

SET FOREIGN_KEY_CHECKS = 1;
